Kode Item,Nama Item,Satuan,Jumlah,Total Item
0106-1100-16,"EMBEDDING CASSETTE, 45°ANGLE MARKING AREA, W/REMOVABLE LID & STRIPE HOLES, HISTOLOGY, P.O.M. MATERIAL. WHITE",BOX,6,1560000.0
0106-1100-16,"EMBEDDING CASSETTE, 45°ANGLE MARKING AREA, W/REMOVABLE LID & STRIPE HOLES, HISTOLOGY, P.O.M. MATERIAL. WHITE",CARTON,4,6400000.0
10,CC SPUIT 10 CC,BOX,3,795000.0
11803,Biosystem Glucose 1x50ml,BOX,1,825000.0
1218,Miconazole Nitrate Krim 2%,BOX,2,245175.0
1218,Miconazole Nitrate Krim 2%,TUBE,350,3255000.0
1374,Cetirizine HCl 10 mg TSS,BOX,6,360562.95999999996
1710001,FORTRESS Widal Test control positif and negatif,SET,5,1117117.15
1749,Lansoprazole 30mg Kapsul Lepas Tunda,BOX,3,224603.91
1CC,SPUIT 1 CC,BOX,49,6507345.25
1CC,SPUIT 1 CC,PCS,800,990984.0
2121-0030,"INOCULATION LOOPS, FLEXIBLE, 1μL+INCORPORATED NEEDLE, ABS MATERIAL, NEUTRAL COLOR. 1PC/PEEL-PK, GAMMA STERILE",BOX,16,7200000.0
2121-0030,"INOCULATION LOOPS, FLEXIBLE, 1μL+INCORPORATED NEEDLE, ABS MATERIAL, NEUTRAL COLOR. 1PC/PEEL-PK, GAMMA STERILE",CARTON,2,9000000.0
2121-0030,"INOCULATION LOOPS, FLEXIBLE, 1μL+INCORPORATED NEEDLE, ABS MATERIAL, NEUTRAL COLOR. 1PC/PEEL-PK, GAMMA STERILE INOCULATION LOOPS, FLEXIBLE, 1μL+INCORPORATED NEEDLE, ABS MATERIAL, No Transaksi TNaEnUgTgRaAlL COLORK. o1PdCe /PPEeEl.L-PK, GNAamMMa APelanggan Alamat STERILE",CARTON,1,4500000.0
2121-0034-02,"INOCULATION LOOPS, FLEXIBLE, 10μL+INCORPORATED NEEDLE, ABS MATERIAL, BLUE COLOR. 1PC/PEEL-PK, GAMMA STERILE",BOX,68,30600000.0
2121-0034-02,"INOCULATION LOOPS, FLEXIBLE, 10μL+INCORPORATED NEEDLE, ABS MATERIAL, BLUE COLOR. 1PC/PEEL-PK, GAMMA STERILE",CARTON,2,9000000.0
2121-0034-02,"INOCULATION LOOPS, FLEXIBLE, 10μL+INCORPORATED NEEDLE, ABS MATERIAL, BLUE COLOR. 1PC/PEEL-PK, GAMMA STERILE",PAK,25,427927.75
2121-2005,"INOCULATION LOOPS,10μL, HIPS MATERIAL, DARK BLUE COLOR. 20PCS/ZIP-LOCK PACK, 03/07/2026 13.49 ADMGAINMMA STERILE. 9/23 No Transaksi TINaOnCgUgLaAlTION LOKOoPdSe,1 P0μeLl., HIPS NMaAmTEaR PIAeLla,nggan Alamat DARK BLUE COLOR. 20PCS/ZIP-LOCK PACK, GAMMA STERILE.",BOX,2,1300000.0
2121-2005,"INOCULATION LOOPS,10μL, HIPS MATERIAL, DARK BLUE COLOR. 20PCS/ZIP-LOCK PACK, GAMMA STERILE.",BOX,7,4350000.0
2122-0022,MICROBIAL COLLECTION SWAB Diam 2.2mm x 150mm Cotton Head Polystyrene Individual Peel Pack Gamma Sterile 500/Pack,PAK,1,1531531.53
220,Paracetamol 120 mg/5 ml Syr,BTL,5,25255.0
2303-1060,"PETRI DISHES, PS MATERIAL. DIA.60MM X 15MM. 1 ROOM/3 VENTS. E.O. STERILE.",CARTON,3,4500000.0
2303-1090,"PETRI DISHES, PS MATERIAL. DIA.90MM X 15MM, 1 ROOM/3 VENTS. E.O.STERILE",CARTON,110,66888000.0
268,Cefadroxil Monohydrate 500mg Kapsul Bernofarm,BOX,35,3490362.18
268,Cefadroxil Monohydrate 500mg Kapsul Bernofarm,TAB,1721,2349250.0
3,CC SPUIT 3 CC,BOX,137,13724953.969999999
343,Ondancetron HCl Dihydrate 8 mg Kaplet Salut Selaput,BOX,30,3576000.0
343,Ondancetron HCl Dihydrate 8 mg Kaplet Salut Selaput,TAB,900,2846241.0
367812,TUBE PLN PLH 13X75 4.0 PLBL RD,BOX,5,1454800.0
367856,"TUBE EDTA PLH 13X75, 3.0",BOX,454,103056025.0
367957,"TUBE SST II PLH 13X75, 3.5",BOX,449,130125600.0
3WAY,Three Way Stopcock Onemed Threeway 3 Way,PCS,19,285000.0
4004-0105,"CYLINDRICAL TEST TUBE, PLAIN, VOL.3ML, 10X75MM, 0.8-1.0MM THICK, MEDIUM BOROSILICATE GLASS MATERIAL",CARTON,9,5850000.0
4004-0111,"CYLINDRICAL TEST TUBE, PLAIN, VOL.5ML, 12X75MM, 0.8-1.0MM THICK, MEDIUM BOROSILICATE GLASS MATERIAL",BOX,7,656250.0
4004-0111,"CYLINDRICAL TEST TUBE, PLAIN, VOL.5ML, 12X75MM, 0.8-1.0MM THICK, MEDIUM BOROSILICATE GLASS MATERIAL",CARTON,15,11250000.0
4004-0805,"CYLINDRICAL TEST TUBE, PLAIN, VOL.5ML/12X75MM, PS MATERIAL",CARTON,97,97000000.0
4004-0805,"CYLINDRICAL TEST TUBE, PLAIN, VOL.5ML/12X75MM, PS MATERIAL",POLYBAG,6,600000.0
4004-1021,"CYLINDRICAL CULTURE TUBE, WITH DUAL- POSITION SNAP CAP IN PE MATERIAL (LOOSE FOR AEROBIC CULTURING, TIGHT FOR SEALING), TUBES IN PS MATERIAL. VOL.15ML/17X100MM, WITH GRADUATION AT EACH 1/2ML UP TO 12ML. INDIVIDUAL PEEL-PK, GAMMA STERILE",CARTON,5,6500000.0
4320-0111,"PASTEUR PIPETTE, LDPE MATERIAL, CAP.5ML/145MM LONG, GRADUATED AT EVERY 1/4ML UP TO 1ML",BOX,10,2000000.0
4320-0112,"PASTEUR PIPETTE, LDPE MATERIAL, CAP.5ML/145MM LONG, GRADUATED AT EVERY 1/4ML UP TO 1ML. INDIVIDUAL FLOW-PACK, E.O. STERILE",BOX,1,65000.0
4320-0112,"PASTEUR PIPETTE, LDPE MATERIAL, CAP.5ML/145MM LONG, GRADUATED AT EVERY 1/4ML UP TO 1ML. INDIVIDUAL FLOW-PACK, E.O. STERILE",CARTON,2,1300000.0
4320-0112,"PASTEUR PIPETTE, LDPE MATERIAL, CAP.5ML/145MM LONG, GRADUATED AT EVERY 1/4ML UP TO 1ML. INDIVIDUAL FLOW-PACK, E.O. STERILE No Transaksi TPAanSgTEgUalR PIPETTKEo, dLDe PPEe Ml.ATERNIAaLm, a Pelanggan Alamat CAP.5ML/145MM LONG, GRADUATED AT EVERY 1/4ML UP TO 1ML. INDIVIDUAL FLOW-PACK, E.O. STERILE",CARTON,2,1300000.0
4320-0511,"PASTEUR PIPETTE, LDPE MATERIAL, CAP.7ML/155MM LONG, GRADUATED AT EVERY 1/2ML UP TO 3ML",BOX,14,1920000.0
4320-0511,"PASTEUR PIPETTE, LDPE MATERIAL, CAP.7ML/155MM LONG, GRADUATED AT EVERY 1/2ML UP TO 3ML No Transaksi TPAanSgTEgUalR PIPETTKEo, dLDe PPEe Ml.ATERNIAaLm, a Pelanggan Alamat CAP.7ML/155MM LONG, GRADUATED AT EVERY 1/2ML UP TO 3ML",BOX,5,750000.0
4320-0513,"PASTEUR PIPETTE, LDPE MATERIAL, CAP.7ML/155MM LONG, GRADUATED AT EVERY 1/2ML UP TO 3ML. INDIVIDUAL PEEL-PACK, E.O. STERILE",BOX,19,2850000.0
4320-0513,"PASTEUR PIPETTE, LDPE MATERIAL, CAP.7ML/155MM LONG, GRADUATED AT EVERY 1/2ML UP TO 3ML. INDIVIDUAL PEEL-PACK, E.O. STERILE",CARTON,8,5600000.0
4330-0004-02,"Blue Tips,VOL.1000μl,Eppendorf/Universal type,PP material",CARTON,1,900000.0
4330-0004-02,"Blue Tips,VOL.1000μl,Eppendorf/Universal type,PP material BAG",ZIP-LOCK,59,4060675.6500000004
4330-0012-02,"Blue Tips,Gilson/Universal type,VOL.1000μl,graduated at 100/250/500/100μl,PP BAG material",ZIP-LOCK,57,2422500.0
4330-0012-02,"Blue Tips,Gilson/Universal type,VOL.1000μl,graduated at 100/250/500/100μl,PP material",CARTON,2,1700000.0
4330-0016-17,"Yellow Tips,VOL.200μl,Eppendorf/Universal type,PP material",BOX,39,3042342.3
4330-0021-17,"Yellow Tips,Gilson/Universal type,VOL.200μl,graduated at 10/20/50/100μl,PP BAG material",ZIP-LOCK,19,1045000.0
4330-0021-17,"Yellow Tips,Gilson/Universal type,VOL.200μl,graduated at 10/20/50/100μl,PP material",CARTON,4,4400000.0
4330-0023,"Pipet Tips,eppendorf type,VOL.10μl,PP material,Natural color",CARTON,2,2400000.0
4330-0023,"Pipet Tips,eppendorf type,VOL.10μl,PP material,Natural color",POLYBAG,20,1171700.0
4610-1924,"Centrifuge Tube, PP material, conical bottom, Vol.15ml/17x120mm, BLUE printed graduation from 1.5ml to 15ml/graduation interval 0.5ml. Screw cap leakage-proof, GREY color. DNase-free, RNase-free, Non-Pyrogen, Assembled, E.O. sterile, individual flow-pack, 50pcs/box",BOX,9,687500.0
4610-1924,"Centrifuge Tube, PP material, conical bottom, Vol.15ml/17x120mm, BLUE printed graduation from 1.5ml to 15ml/graduation interval 0.5ml. Screw cap leakage-proof, GREY color. DNase-free, RNase-free, Non-Pyrogen, Assembled, E.O. sterile, individual flow-pack, 50pcs/box",CARTON,19,14300000.0
5,CC SPUIT 5 CC,BOX,55,5290225.22
546,Cefadroxil Monohydrate 125mg/5ml Sirup Kering Bernofarm,BTL,5,52000.0
5600-0001,"SHARP CONTAINER, FOR CLINICAL WASTE, PP MATERIAL, RECTANGULAR SHAPE. LID IN TRANSPARENT COLOR, CONTAINER IN YELLOW COLOR, VOL.1L/ L105XW85XH180MM",CARTON,4,3840000.0
5600-0001,"SHARP CONTAINER, FOR CLINICAL WASTE, PP MATERIAL, RECTANGULAR SHAPE. LID IN TRANSPARENT COLOR, CONTAINER IN YELLOW COLOR, VOL.1L/ L105XW85XH180MM",PCS,50,675676.0
615,Paracetamol 500 mg Kaplet,BOX,5,105378.45999999999
615,Paracetamol 500 mg Kaplet,TAB,106600,62737100.0
635,Ambroxol HCl 15 mg/5 ml Elixir Bernofarm,BTL,54,182481.52
770,Flunarizine 10 mg Tab,BOX,2,415584.0
775,Domperidone Maleate 10 mg TSS,BOX,2,79200.0
775,Domperidone Maleate 10 mg TSS,TAB,28,26320.0
7982101,HEALGEN 1/2 ONE STEP RAPID TEST CASSETTE BOX@25 PCS,BOX,12,2391891.84
7982201,HEALGEN HCV Rapid Test Cassette Box@25 pcs,BOX,2,621621.62
7982501,HEALGEN HBSAG TEST CASSETTE BOX@25 PCS,BOX,12,2213513.4
926,Clindamycin HCl 300 mg Kapsul,BOX,1,130131.0
AATC,ALAT AUTO CHECK,UNIT,12,2646000.0
AB,8M AMBULANCE BOAT FRP 8 METER 2x85 PK,UNIT,1,900900900.9
ABCTH16,Abbocath 16,PCS,100,660000.0
ABNREGAL+,ABN Regal Plus Mobile Clock Aneroid Sphygmomanometer,UNIT,3,14729730.0
AC-S0.5,SHARP AC SHARP 0.5 PK,UNIT,1,3603604.0
AC-S1,SHARP AC SHARP 1 PK,UNIT,2,9909910.0
ACCTO,ADAPTOR TENSIMETER OMRON,PCS,4,600000.0
ACETYL,Acetylcysteine 200 mg IPHA,BOX,2,150800.0
ACETYLM,Acetylcysteine - Mulia,TAB,1000,620000.0
ACT-H,Actifed Hijau,BTL,6,390000.0
ACT-M,Actifed Merah,BTL,6,390000.0
ACYLC,Acyclovir Cream - Berno,TUBE,250,2000000.0
AEROSOL,AEROSOL ANTI NYAMUK,PCS,20,720720.0
AG18T,Agani Needle No.18 - Terumo,BOX,20,1650000.0
AHWC-210,Disposable Single Heated Wire Breathing Circuit Adult AHWC-210,PCS,3,3450000.0
AII,SET AFF DAN INSERSI IUD,SET,1,1801801.8
AKHL,70% 1L ALKOHOL 70% 1 LITER,BTL,41,2578454.9
AKHL,70% 5 ALKOHOL 70% 5 LITER,DRIGEN,7,630630.0
AKHL70%,ALKOHOL 70% 100 ML 100ML,BTL,552,3183120.0
AKRL-3S,Akrilik Leaflet 3 Susun,PCS,1,147000.0
AKURAT,Test ALAT TEST KEHAMILAN AKURAT,BOX,2,990000.0
AKURAT-TEST,ALAT TEST KEHAMILAN AKURAT,BOX,92,36800000.0
ALKGP,AlleMed ECG/EKG PAPER 210mm x 295mm x 100sheets,PCS,4,1450000.0
ALLO100T,ALLOPURINOL 100 MG TAB TRIMAN,TAB,500,212000.0
ALLOTAB,Allopurinol Tablet,BOX,1,28139.0
ALLTR-TM,ALLETROL TM (24),BTL,4,90090.08
ALPARA,Tab Alpara Tab,BOX,1,135000.0
ALPARA,Tab Alpara Tab,TAB,1000,1300000.0
ALR-A0909C,ALARM THERMOMETER DR GRAY A909C,UNIT,1,152657.66
ALTAUNP-60X90,Altamed Underpads 60x90cm,PAK,60,2100000.0
ALTMFP-6.5,SURGICAL GLOVE STERILE FREE POWDER 6.5 ALTAMED,PCS,195,1755000.0
ALTMFP-7,SURGICAL GLOVE STERILE FREE POWDER 7 ALTAMED,PCS,1000,9000000.0
ALTMFP-7.5,SURGICAL GLOVE STERILE FREE POWDER 7.5 ALTAMED,PCS,1000,9000000.0
AMBRX30,Ambroxol HCl 30 mg/5 ml Elixir Bernofarm,BTL,33,163683.69
AMBTAB,Ambroxol Tab Bernofarm,BOX,52,1209949.54
AMBTAB,Ambroxol Tab Bernofarm,TAB,10000,8000000.0
AMBU-A,AMBUBAG ANAK,UNIT,4,5405405.4
AMBU-D,AMBUBAG DEWASA,UNIT,4,5405405.4
AMBX30,Ambroxol 30mg Tab - Trifa,BOX,2,36036.04
AMD,10mg Amlodipine 10mg,BOX,51,2988570.27
AMD,10mg Amlodipine 10mg,TAB,5500,1863350.0
AMD,5mg Amlodipine 5mg,BOX,32,1182880.0
AMD,5mg Amlodipine 5mg,TAB,1500,253575.0
AMIPHL200,Aminophylline 200 mg Tab,TAB,2000,1700000.0
AMIPHL24-INJ,AMINOPHYLINE 24 MG/ML INJEKSI,AMPUL,25,396400.0
AML5T,AMLODIPHINE 5 MG TRIFA,TAB,500,381000.0
AMPCL,- Inj Ampicillin Inj,AMPUL,60,1692000.0
AMPCL,- Inj Ampicillin Inj,BOX,10,1071000.0
AMPCL-INJ,Ampicillin Inj,VIAL,100,957720.0
AMXD,Amoxsan Drop,BTL,6,138000.0
AMXTAB-ETTA,Amoxicillin 500mg Tab Etta,TAB,1100,1567500.0
ANAB60ML,ANABION 60 ML,BTL,50,644500.0
ANTADO,Antasida Doen,BOX,2,42000.0
ANTAST,Antasida Tab - Triman,BOX,32,910245.04
ANTAST,Antasida Tab - Triman,TAB,100,52500.0
ANTASY,Antasida Syrup Mersi,BTL,6,21000.0
ANTI,A ANTI A MONOCHLONAL,BTL,2,360360.36
ANTI,AB ANTI AB MONOCHLONAL,BTL,2,360360.36
ANTI,B ANTI B MONOCHLONAL,BTL,2,360360.36
ANTI,D ANTI D MONOCHLONAL,BTL,2,540540.54
ARI,TIMER RESPIRATORY RATE TIMER,UNIT,1,1081081.08
AS,20L AIR SULING 20 LITER,JERIGEN,21,5396165.0
AS,ALKOHOL SWAB,BOX,490,7014090.6
ASMEF,Tab Asmef Tab,BOX,2,94500.0
ASMEF500ERR,MEFENAMIC ACID ERRITA T,TAB,500,457500.0
ASO,ALKOHOL SWAB ONEMED,BOX,260,2747080.0
ASS,ALKOHOL SWAB SENSI,BOX,120,1621560.0
AST4,Asthin 4 mg,BOX,1,200000.0
ASTAB100,Aspilet Tab 100 mg,TAB,1000,980000.0
ASTAB80,ASPILET TAB 80 MG,BOX,25,2100000.0
ASWAG30,Ashwagandha+ 30 Kapsul,BTL,4,760000.0
ASWAG60,Ashwagandha+ 60 Kapsul,BTL,49,9800000.0
ATM,PF M ALTAMED GLOVE PF SIZE M,BOX,30,1491891.0
ATM,PF S ALTAMED GLOVE PF SIZE S,BOX,20,994594.0
ATM-RTA,ALTAMED COVID-19 RAPID TEST KIT ANTIGEN @25 PCS,BOX,108,42120000.0
ATRAX100-INJ,Asam Tranexamat 100mg/ml Inj,AMPUL,250,1216000.0
ATRAX250-INJ,Asam Tranexamat 250mg/ml Inj - Berno Berno,AMPUL,168,1276000.0
ATRAX500-TAB,Asam Tranexamat 500mg Tab - Berno Berno,BOX,15,2424000.0
ATRAX500-TAB,Asam Tranexamat 500mg Tab - Berno Berno,TAB,3050,5765000.0
ATROINJ,Atropin Inj,AMPUL,10,229000.0
ATRV20,Atorvastatin 20 mg Dexa,TAB,1000,980000.0
ATTAPULG,Attapulgite,TAB,500,483500.0
AU-GCU,Autocheck 3 in 1,UNIT,1,355000.0
AUTOSCOPE,AUTOSCOPE,UNIT,3,3743243.22
AXIOO,AXIOO MYBOOK PRO L1 (8N5) MYBOOK,UNIT,2,13693694.0
AZITY500,Azitromycin 500 mg,BOX,1,193556.0
AZITYS200,Azitromycin Syrup 200mg/5ml Bernofarm,BTL,15,441594.45
B-10,BISTURI NO 10 BBRAUN,BOX,10,3675000.0
BBB,BOX BAYI BESI,UNIT,10,11711711.7
BBN3375,"Benang Bedah Nylon ukuran 3/0, 30 mm, 75 cm",PCS,1,37500.0
BC,2 BED 2 CRANK MANUAL,UNIT,56,378378378.56
BC-02,BENANG CROMIC 2/0,PCS,36,2432448.0
BC105,BINDER CLIP 105,BOX,36,491688.0
BC107,BINDER CLIP 107,BOX,36,424800.0
BC111,BINDER CLIP 111,BOX,36,316800.0
BCM,3 BED 3 CRANK MANUAL,UNIT,5,40540540.55
BDC,BED DECUBITUS,UNIT,1,990990.99
BDH,SET BEDAH,SET,1,7207207.21
BE,BUKU EKSPEDISI,BUAH,5,170000.0
BESMG,Besanmag Tab,TAB,1000,1300000.0
BETHAS5-C,Betamethasone 5mg Cream - Berno,BOX,1,95700.0
BFB,BUKU FOLIO BESAR,BUAH,5,200000.0
BFK,BUKU FOLIO KECIL @100 LEMBAR,BUAH,10,260000.0
BIG,Gauze - Kasa Big Gauze X Ray 30 x 30 XR30,PAK,7,1155000.0
BIG,Gauze - Kasa Big Gauze X Ray 40 x 40 XR40,PAK,1,165000.0
BIOPLC-15,Bioplacenton 15 gr,TUBE,2,54054.06
BIPLS,Bioplasenton,BOX,3,93000.0
BISPRO2.5,Bisoprolol Tab 2.5mg Bernofarm,TAB,4100,2002440.0
BKT-38,BUKU TULIS IS 38 LEMBAR,PAK,2,120000.0
BLINK,500 PRO SARAMONIC BLINK 500 PRO X Q20 DUAL- X Q20 CHANNEL WIRELESS,UNIT,1,2300000.0
BMHP,Gaun Operasi Disposable,PCS,160,8800000.0
BNGMON-2,Benang Monosyn Uk 2,PCS,19,4750000.0
BNSN5,BENOSON N 5GR,TUBE,3,59459.46
BOK,BIAYA ONGKOS KIRIM,SET,4,15000000.0
BOPM,BED OPERASI MANUAL,UNIT,2,115315315.32
BPGA,Benang PGA T-Vio Polyglycolide Uk 2,PCS,76,3800000.0
BPGAPA,Benang PGA Polyglycolic Acid Uk 0,PCS,76,3800000.0
BPGB,BALLPOINT GEL INK BIRU,PAK,2,100000.0
BPMX,Ball Point Pen Maxxis,PAK,45,2208880.0
BPSJ-PSBP177,BALL PEN STAND JOYKO PSBP-177,BUAH,8,108800.0
BRAXD,Braxidine Tab,TAB,500,1000000.0
BS,120 DISPOSIBLE CUVETTES BS 120 (250 CUVETTE@5SEGMENT),BOX,1,3689189.18
BS,BLOOD SET,BOX,6,1540542.0
BSB,Bisturi Surgical Blades NO 20 Chrona,BOX,3,750000.0
BSC,BED SIDE CABINET,UNIT,61,87927927.84
BSF,Bantal Silicone Fina,BUAH,4,350000.0
BSTL-C11,BESTOOL TRIPOD BLUETOOTH SELFIE STICK REMOTE,UNIT,1,353333.0
BTD-5,Betadine 5ml,BTL,85,765000.0
BTFS-001,BLOOD TRANSFUSION SET,PCS,100,1711711.0
BTHS-6D,BETAHISTINE 6MG TAB DEXA,BOX,1,31531.53
BTHS6,Betahistine 6mg Tab,BOX,9,1522350.0
BTHS6,Betahistine 6mg Tab,TAB,1000,1610000.0
BVR-1,Benang Vicryl Uk 1,PCS,19,4275000.0
BYG-C,BAYGON COLOK,PCS,20,920000.0
BYG-S,BAYGON SPRAY 600 ML,PCS,10,440000.0
CAN-NEO,FISHER & PAYKEL HEALTHCARE Optiflow Junior Nasal Cannula - Neonatal,PCS,1,2533050.0
CANDS16,Candesartan 16mg Tab,BOX,30,5242500.0
CANDS16,Candesartan 16mg Tab,TAB,8000,4978080.0
CANDS8,Candesartan 8mg Tab,BOX,15,5239500.0
CANDS8,Candesartan 8mg Tab,TAB,7000,3410000.0
CAPT25,Captopril 25 mg Tab,BOX,1,27358.55
CAPT50,Captopril 50mg,TAB,500,476500.0
CARDI5,Cardisan 5mg Tablet,BOX,1,412500.0
CB10,CONTAINER BOX - CB10,BUAH,2,124000.0
CB60,CONTAINER BOX - CB 60,BUAH,1,220000.0
CCSYX,"REAGEN EIGHT CHECK CONTROL SYSMEX 3X1,5ML",BTL,1,1139639.63
CCTV6,CCTV 6 CHANNEL,UNIT,1,0.0
CDS,COLD STORAGE,UNIT,1,0.0
CEFADS250,Cefadroxil Monohydrate 250mg/5ml Sirup Kering Bernofarm,BTL,30,357081.0
CEFIX100,Cefixime Trihydrate 100mg Tss Bernofarm,BOX,19,2275344.14
CEFIX100,Cefixime Trihydrate 100mg Tss Bernofarm,TAB,2500,5183125.0
CEFIXDS-IFR,Cefixime Dry Syr - Ifars,BTL,56,1232500.0
CEFO1INJ,Cefotaxime 1gr Serb Inj,AMPUL,100,2979800.0
CEFO1INJ,Cefotaxime 1gr Serb Inj,BOX,50,6727500.0
CEFRXO-INJ,Ceftriaxone Inj - Bernofarm,AMPUL,100,2950000.0
CEFRXO-INJ,Ceftriaxone Inj - Bernofarm,BOX,100,16445000.0
CEFTX-INJ,Ceftizoxime Inj,VIAL,25,2587500.0
CEFXTR200,CEFIXIME 200MG KAPSUL BERNOFARM,BOX,101,6195000.0
CEFXTR200,CEFIXIME 200MG KAPSUL BERNOFARM,TAB,2100,2725275.0
CEFZN1-INJ,Cefazolin Inj 1gr,AMPUL,20,239200.0
CERV,CERNEVIT,AMPUL,10,2657657.6
CETI,Tab Cetirizine Tab,BOX,2,61074.0
CETI,Tab-E Cetirizine Tab Errita,BOX,120,759000.0
CF17A,TONER HP LASER JET 17A,BUAH,1,1711712.0
CF283A,TONER HP LASER JET 83A,BUAH,2,1714000.0
CG24,Cover Glass 24x44,BOX,2,3056000.0
CIFLX,Tab CIPROFLOXACIN TAB,BOX,15,867864.8500000001
CIFLX,Tab CIPROFLOXACIN TAB,TAB,1804,1254840.0
CILOST100,Cilostazole 100mg Tab Bernofarm,TAB,200,895850.0
CITCL1000,Citicoline 1000mg Tab Bernofarm,BOX,5,2184500.0
CITCL250,Inj Citicoline 250mg/2ml Inj Bernofarm,AMPUL,50,879500.0
CITCL250,Inj Citicoline 250mg/2ml Inj Bernofarm,BOX,15,1341000.0
CITCL500,Citicoline 500mg Tab Bernofarm,TAB,1200,3679998.0
CITJC,"CITOJECT SYRINGE 1,8ml",BOX,1,5675676.0
CLBTSOL10,CLOBETASOL PROPIONATE 10GR,TUBE,3,40540.53
CLINDYCM300,Clindamycin HCl 300 mg Kapsul - Mersi,TAB,1100,1140788.0
CLPG75,Clopidogrel 75mg Tab - Berno,TAB,10000,9580000.0
COMBANT50,Combantrin 125,BOX,10,5170000.0
COMJER,Combantrin Jeruk,BTL,10,286000.0
COTRMX-TABMER,Cotrimoxazole Tab (Mersi),TAB,652,521600.0
COUNTER15,COUNTERPAIN COOL 15 GR,PCS,20,604469.0
CPS-001,CELL PACK SYSMEX 20L,BTL,1,2188738.73
CRMD10%,Carmed 10%,TUBE,30,1140000.0
CRPL,CURRATAGE PLACENTA,SET,1,1801801.8
CRS,CURRATAGE SET,SET,2,3603603.6
CS,COTTON SWAB,PAK,3,4594594.59
CT,CORRECTION TAPE,BUAH,24,408000.0
CT004,CENTRIFUGE TUBE 15 ML,PAK,5,445945.9
CTR,COUTER DOCTANZ 80 WATT,UNIT,1,25855855.86
CUPB,Disposable Cup Blue @50 pcs (Gelas Kumur),PAK,40,800000.0
CVG-0045,COVER GLASS,BOX,6,146846.82
CVPLX-T,Caviplex Tab,BOX,10,851570.5
CVPLX-T,Caviplex Tab,TAB,1000,2355000.0
D5%,Cairan Dextrose 5%,BTL,68,2584000.0
DACYC1033T00,Acyclovir 400 mg Tablet 2,BOX,1,98088.0
DAMOX1032L00,Amoxicillin Sirup 125 mg/60ml 2,BTL,35,199530.0
DBT,DOUBLE TAPE,ROL,3,21600.0
DCAPT1007T00,"CAPTOPRILl 12,5 MG TAB 5",BOX,2,37518.0
DCAPT1007T00,"CAPTOPRILl 12,5 MG TAB 5",TAB,500,418500.0
DCTZ-400,ELECTRO SURGICAL COUTER DOCTANZ 400W,UNIT,1,82882882.88
DEGIROL100,Degirol tab,TAB,1500,2337937.5
DELTA,ANTI A MONOCHLONAL DELTA GOLDAR A,BOX,1,180180.0
DELTA,ANTI AB MONOCHLONAL DELTA GOLDAR AB,BOX,1,180180.0
DELTA,ANTI B MONOCHLONAL DELTA GOLDAR B,BOX,1,180180.0
DELTA,ANTI D MONOCHLONAL DELTA GOLDAR D,BOX,1,222974.0
DETER,SABUN DETERGEN BUBUK,PCS,20,936936.0
DETER2,Sabun Detergen Bubuk 2 Kg,BUAH,3,160500.0
DEXAME5,- Inj Dexamethasone 5mg/1ml - Berno Brn,BOX,12,2258200.0
DEXAME5-INJ,Dexamethasone 5mg/1ml,AMPUL,1000,1576000.0
DEXAMETHMUL,Dexametasone 0.5 '200tab,BOX,13,148352.34
DEXAMETHMUL,Dexametasone 0.5 '200tab,TAB,10000,5040000.0
DEXG5,Dexigen 5mg,TUBE,400,11120000.0
DEXKTP,Dexketoprofen Tab,TAB,100,250000.0
DEXKTPT,Dexketoprofen Tab,TAB,500,925500.0
DIATAB,DIATABS TAB,TAB,200,160210.0
DIPHDR10,- Inj Diphenhydramin Hcl 10mg Inj,AMPUL,200,383800.0
DIPHDR10-INJ,Diphenhydramin Hcl 10mg Inj,AMPUL,500,959500.0
DIS,CLEAN ALKAZYME ENZYMATIC ALKALINE DISINFECTANT CLEANER,PAK,2,1873783.78
DIVN40,DIOVAN 40MG,BOX,1,307694.59
DKETO1028T00,Ketoconazole 200 mg Tab 1,BOX,2,62520.630000000005
DLUT,DILUENT,DUS,2,2488000.0
DMETF1033T00,Metformin 500mg Tab@200's (HJ) 1,BOX,10,393690.0
DMETF1033T00,Metformin 500mg Tab@200's (HJ) 1,TAB,1000,694000.0
DNIFE1028T005,Nifedipine 10 mg Tab,BOX,3,76455.0
DNIFE1028T005,Nifedipine 10 mg Tab,TAB,1400,980000.0
DOMEP1013K0,Omeprazole 20 mg Kaps 01,BOX,3,115152.0
DOMPS,Domperidone 5mg/5ml Syr Bernofarm,BTL,71,535956.0
DOMPSYRPER,Domperidone Syrup Ermplex YM,BTL,50,419500.0
DOMPT,Domperidone Tab,BOX,1,35298.0
DOMPT-TRIMAN,Domperidon Tab - Triman,TAB,500,470000.0
DOPM-INJ,DOPAMIN INJEKSI,AMPUL,50,797000.0
DOTM50,- Inj DOBUTAMINE 50MG INJ,AMPUL,80,1756505.3
DPM250,Dopamet 250mg,TAB,400,2480000.0
DRYNTS,Daryan-Tulle Sterile,PCS,10,300000.0
DSCOP1003T07,SCOPMA TAB 9,BOX,2,274664.1
DSS,DISPENSER SOLATIPE SEDANG,BUAH,2,109000.0
DULCLT,DULCOLAX TAB,TAB,80,237170.0
DULCOL,DULCOLAX 5 MG SUPP,SUPP,20,714000.0
DXTMP,DEXTEEM PLUS,BOX,1,49549.55
EDTA-K3,MONOTES Vacuum Tube EDTA K3 PET Tube 3ML (13X75MM) Purple,BOX,6,1160810.79
EGT,EMERGENCY TROLLEY,UNIT,3,19617117.15
EL,RC-5+ ELITECH RC-5+ PDF TEMPERATURE DATA LOGGER,UNIT,1,616231.53
ELABD4,"ELASTIS BANDAGE 4inc (10cm x 4,5m)",BOX,8,158558.56
EMBER30,EMBER PLASTIK 30 LITER,PCS,10,765770.0
ENABTICR,ENBATIK CREAM,TUBE,20,247800.0
EPER50,Eperison HCL 50mg Tab,BOX,20,2618000.0
EPH-INJ,Ephedrin Injeksi,AMPUL,19,855000.0
EPINEPINJ,Ephineprin Inj,BOX,10,152800.0
EPSN-L121,PRINTER EPSON L121,UNIT,6,14160676.5
EPSN-L3210,PRINTER EPSON L3210,UNIT,2,6756758.0
ERDOS,Erdosteine 175 mg/5ml Syrup Kering Bernofarm,BTL,40,966018.0
ERIC10,Ericaf 10mg Tab,TAB,600,6240000.0
ERLAM-SALEP,Erlamycetin Salep Mata Steril Mata,TUBE,8,80000.0
ERLAM-TETES,Erlamycetin Tetes Mata Mata,BTL,8,108499.98999999999
ERLATTSTG,Erlamycetin Tetes Telinga,BTL,23,395499.99
ETORC60,Etoricoxib 60mg Nulab,TAB,300,1440000.0
FARI60ML,FARIZOL 60 ML,BTL,50,744500.0
FC16,FOLEY CHATETER NO 16,PCS,90,1574098.6
FC18,FOLEY CHATETER NO 18,PCS,120,1802251.8
FCGT,FRESH CARE GREEN TEA,PCS,24,341058.6
FCL,FRESH CARE LAVENDER,PCS,48,639226.8
FCL-LV5L,FLOOR CLEANER LAVENDER 5L,DRIGEN,14,1470000.0
FCQ-AG,FastClear Q Covid-19 Ag Nasal,BOX,102,122400000.0
FCSF,FRESH CARE SPLASH FRUITY,PCS,24,341058.6
FCSMH,FRESH CARE SMASH,PCS,120,1705293.0
FD-AD51D,FETAL DOPPLER ONEHEALTH,UNIT,2,3146000.0
FD-BF600,FETAL DOPPLER BESTMAN BF600+,UNIT,1,3850000.0
FLC1,Folic Acid 1mg Box 10 Stp@10 Tab (Triman),BOX,200,2738700.0
FLC5,Folic Acid 5mg Box 10 Stp@10 Kap (DIPA),BOX,2,437500.0
FLUCADEXSYR,FLUCADEX 60 ML UP,BTL,24,296214.6
FLUNZ5,Flunarizine 5 mg Tab,BOX,7,975100.0
FOLICACID400,FOLIC ACID 400 MCG,TAB,100,48100.0
FOMILG,FOLAMIL GENIO,BOX,12,1710000.0
FRBI,Farbivent Inj,AMPUL,30,735000.0
FRZ-M,"Feroze Latex Free Powder ""M""",BOX,300,23184000.0
FRZT-SENSI,FREEZE TAG SUHU SENSITECH,UNIT,1,530060.36
FT2-20,"FILTER TIPS 2-20µl STERILE, 10 RAKS OF 96 TIP",BOX,1,3153153.15
FT2-200,"FILTER TIPS 2-200µl STERILE, 10 RAKS OF 96 TIPS",BOX,1,3153153.15
FUROS-INJ,Furosemid Injeksi,AMPUL,60,549000.0
FUROS-TAB,Furosemid Tab,TAB,1000,950000.0
G-USG250,GEL USG 250 ML,BTL,10,320000.0
GAYUNG,GAYUNG,PCS,13,187387.2
GBP300,GABAPENTIN 300 MG,BOX,50,2100000.0
GBP300,GABAPENTIN 300 MG,TAB,600,386400.0
GBPD300,Gabapentin 300 mg - Dexa,TAB,1370,1010280.0
GBUS,GEMBOK UK SEDANG,BUAH,4,200000.0
GCHB-001,HEMOGLOBIN TEST METER EASY TOUCH,UNIT,2,851351.34
GCL-5L,GLASS CLEANER 5L,DRIGEN,5,322500.0
GD-BD100,REAGENT GLORY BILIRUBIN (Direct),BTL,1,611711.71
GD-BT200,REAGENT GLORY BILIRUBIN (Total),BTL,1,737837.84
GD-TG100,REAGENT GLORY TRIGLYCERIDES,BTL,1,1463063.07
GD-UR100,REAGENT GLORY UREA,BTL,1,963071.0
GEL-EKG,ULTRASOUND GEL EKG 250 ML,BUAH,36,720864.0
GENOSM,Genoint Salep Mata,TUBE,1,18500.0
GGYPS-EONE,Gergaji GYPS Electric Onemed,UNIT,1,5083784.0
GLIME2,Glimepiride 2 mg Dexa,TAB,500,388500.0
GLIMP1,GLIMEPIRIDE 1 MG,BOX,1,30302.7
GLIMP1,GLIMEPIRIDE 1 MG,TAB,500,192500.0
GLIMP2,Glimepiride 2 mg,BOX,10,456500.0
GLIMP4,Glimepiride 4 mg,BOX,30,3834000.0
GMFB300,GEMFIBROZILE 300MG,TAB,500,815000.0
GORDENVB,GORDEN VERTICAL BLIND,SET,26,14639638.0
GP-12000,US-3 GENSET PORTABLE BROTHERS BG 12000 US-3,UNIT,4,125207639.64
GSF-G533,Pel Mop Spin GSF-G533,BUAH,2,257000.0
GTMC-SKKF,Gentamicin Cream SK - KF,BOX,2,125800.0
GTMC-SKKF,Gentamicin Cream SK - KF,TUBE,1300,10304500.0
GUAI100,Guaifenesin 100mg NOVA,TAB,26000,14343000.0
GUAI100-TRIFA,GUAIFENESIN 100MG - TRIFA,BOX,2,45045.04
GV,SET GV,SET,7,2522522.52
H2O2,H2O2,BTL,15,393750.0
HAEMO,SET HAEMOCYTOMETER SET,PCS,1,587387.38
HCG,SET HECTING,SET,9,12252251.34
HEM-7120,TENSI DIGITAL OMRON HEM 7120,UNIT,1,542173.0
HEM-7142T1,AUTOMATIC BLOOD PRESSURE MONITOR,UNIT,4,3603603.6
HEM-7156TA,TENSIMETER OMRON HEM-7156TA,UNIT,5,11486489.0
HEM-8712,TENSI DIGITAL OMRON HEM 8712,UNIT,2,1621621.6
HEM-RML31,MANSET OMRON HEM-RML31,BOX,3,486486.48
HISTG,HISTIGO TAB,BOX,1,30000.0
HS-HC,60 ML HAPPY CARE HAND SANITIZER 60 ML,BTL,5000,30380000.0
HS-S5L,HAND SOAP STRAWBERRY DAYDREAM 5L,DRIGEN,10,1000000.0
HSN-NON-FG5L,PROKLEEN HAND SANITIZER NON FOOD GRADE 5L,DRIGEN,5,800000.0
HUFGS-K,Hufagrip Syrup Flu & Batuk (Kuning),BTL,50,1235000.0
HYDRCS-CR,HYDROCORTISONE KF CREAM,TUBE,3,40540.53
HYOS20-BERNO,Hyoscine N Inj 20 mg/ml - Berno,BOX,20,1969000.0
IBPR,Tab Ibuprofen Tab,BOX,1,40500.0
IBPR400,Tab Ibuprofen 400mg Tab,BOX,11,435986.48
IBPR400,Tab Ibuprofen 400mg Tab,TAB,734,587200.0
IC-MASK,4 INCOM CARE SURGICAL MASK 4 PLY,BOX,40,2016216.0
IC-YP,90A INCUBATOR GEA 2 PINTU YP-90A,UNIT,3,127095000.0
ICARE-30,EKG ICARE 30,UNIT,4,67117117.13
ICM-LXL,INCOME LATEX L,BOX,5,585360.35
ICM-LXM,INCOME LATEX M,BOX,10,1170720.7
ICM-LXS,INCOME LATEX S,BOX,5,585360.35
IFSD,INFUS SET DEWASA,PCS,400,4468468.0
IFW,INFANT WARMER,UNIT,1,25225225.23
ILDI-S10,Iliadin Spray 10ml,BTL,50,5750000.0
ILDI-SA10,"Iliadin Spray Anak 0,025%",BTL,50,4650000.0
IMFORT,IMBOOST FORCE TAB,TAB,520,4386720.0
INCIDAL,INCIDAL TAB,TAB,320,1591296.0
INERSONCR,INERSON 15 GR,TUBE,10,964201.5
INNERPLAS5,INNER PLASTIK SAFETY BOX 5 L,PCS,200,0.0
INPS-100,INPEPSA 100,BTL,3,300000.0
INTRSC,SET INSTRUMENT SC,SET,2,18018018.02
IOP-XS,ION PLUS LATEX FREE POWDER ''XS'',BOX,30,1912500.0
IP,INFUS PUMP,UNIT,1,16216216.22
ISD-02,INFUS SET DEWASA,BOX,48,13124324.0
ISD-02,INFUS SET DEWASA,PCS,1000,14852000.0
ISDN,TAB ISDN TAB 10MG,BOX,20,700000.0
ISDN5,Isosorbit Dinitrate (ISDN) 5mg Tab,TAB,500,215000.0
ISOPORE,1/2 SURGICAL TAPE PLESTER ISOPORE 1/2 INC INC,BOX,6,823243.2
ISTD,INFUS SET TERUMO DEWASA,PCS,10,135975.0
ISTP,ISI STAPLES,BUAH,80,480000.0
IV,18G IV CHATETER NO 18G,PCS,300,2508732.0
IV,20G B IV CHATETER NO 20G Box @50,PCS,100,980000.0
IV,20G IV CHATETER NO 20G,PCS,240,1749894.4
IV,22G IV CHATETER NO 22G,PCS,780,5453646.4
IV,24G B IV CHATETER NO 24G Box @50,PCS,100,980000.0
IV,24G IV CHATETER NO 24G,PCS,660,4617062.0
IVB,22G IV CHATETER NO 22G Box @50,PCS,100,950000.0
IVC,22 IV CHATETER NO 22G,BOX,10,1441450.0
IVC,24 IV CHATETER NO 24G,BOX,10,1441450.0
IVC,26 IV CHATETER NO 26G,BOX,3,721500.0
JARD25,JARDIANCE 25 MG,BOX,2,1632000.0
JPN-600,OMRON AUTOMATIC BLOOD PRESSURE MONITOR,UNIT,2,4083737.48
JRMS25,Jarum Spinal 25,PCS,19,950000.0
KACASANDBLA,SANDBLAST KACA ST,SET,1,2196396.4
KAMLET,Kamper Toilet,PAK,65,1523625.0
KANEBO,KANEBO,PCS,42,996756.0
KCBW-58,KEMOCENG BENANG WARNA 58CM,BUAH,2,62000.0
KEKG12,KERTAS EKG 12 CHANEL 210mm*20mm,PAK,10,1408000.0
KEKG1230,KERTAS EKG 12 CHANEL 210mm*30m,PAK,44,7004000.0
KERPF100-BERNO,Ketoprofen 100mg Tab - Bernofarm,TAB,1500,1950000.0
KERPFINJ-BERNO,Ketoprofen Inj - Bernofarm,VIAL,1000,8500000.0
KERTRM-80*80,KERTAS TERMAL 80*80,ROL,50,1155000.0
KESET,RAJUT KAIN KESET RAJUT/ANYAM,PCS,30,520280.0
KETLAC,Tab Ketorolac Tab 10mg Bernofarm,BOX,2,65266.66
KETLAC,Tab Ketorolac Tab 10mg Bernofarm,TAB,540,507141.0
KETLAC10,- Inj Ketorolac 10mg/1ml Inj,AMPUL,800,5200000.0
KETLAC30,- Inj Ketorolac 30mg/1ml Inj,AMPUL,469,2760500.0
KETLAC30,- Inj Ketorolac 30mg/1ml Inj,BOX,50,2975000.0
KETLAC30-INJ,Ketorolac 30mg/1ml Inj,AMPUL,250,1269500.0
KETOCR,Ketoconazole Krim,TUBE,20,168980.0
KHDMI-1.5,KABEL HDMI (1.5M),BUAH,2,74000.0
KIT,INTUBASI KIT INTUBASI,UNIT,1,4263063.06
KIT-HANR500,KITARO HANDRUB 500ml,BTL,6,324324.3
KJO,KERANJANG OBAT,BUAH,6,84000.0
KK,KALKULATOR,BUAH,2,234000.0
KLP-10X10,Kassa Lipat Polos 10cm x 10cm,PAK,935,206167500.0
KLP-5X5,Kassa Lipat Polos 5cm x 5cm (400 pcs),PAK,409,196320000.0
"KLP-7,5X7,5","Kassa Lipat Polos 7,5cm x 7,5cm",PAK,1185,172536000.0
KLX-R,Kassa Lipat X-Ray 10cm x 10cm,PAK,215,87929650.0
KLX-R5,Kassa Lipat X-Ray 5cm x 5cm,PAK,20,4800000.0
KPB,KERTAS PUYER BERLOGO,DUS,12,19639644.8
KPBP,KERTAS PUYER BERLOGO,DUS,1,3243243.2
KPLB,KANTONG PLASTIK BENING,PAK,10,125000.0
KPLB5,KANTONG PLASTIK BENING UK 5,PAK,20,306306.0
KPMB,KERTAS PERKAMEN BIASA,PAK,12,129732.0
KPSPMB-250,Kapas Putih / Kapas Pembalut Om 250 Gr,ROL,28,840000.0
KPVI-1L,KITARO POVIDONE IODINE 1 L,BTL,100,9909909.9
KR-SR-5L,KARBOL SEREH 5L,DRIGEN,12,684000.0
KRR,KURSI RODA,UNIT,2,1981981.98
KSG,80*40 KASA GULUNG 80*40,ROL,12,1081080.0
LA-H19SL,LEMARI ARSIP H19 SL,UNIT,1,0.0
LAB,T&J 121 LABEL TOM & JERRY NO. 121,PAK,5,47500.0
LABEL,OBAT LABEL ETIKET OBAT,PAK,130,6324318.0
LAMP,LAMPU OPERASI MINDRAY HyleD 760 OPERATION,UNIT,1,173018018.0
LANSO30,Lansoprazole 30 mg nufarindo,BOX,21,1685988.0
LARI1000MG,LARCE 1000 mg INJEKSI,AMPUL,5,105000.0
LASF20,LARUTAN ASAM SULFOSALISILAT 20%,BTL,1,283783.78
LBNK1.5,Lakban 1.5 inc Kuning,PCS,5,55000.0
LBNM1.5,Lakban 1.5 inc Merah,PCS,5,87500.0
LEVOTAB,LEVOPAR TAB,BOX,210,42000000.0
LEVXC500,Levofloxacin 500mg Tab - Berno,BOX,10,868000.0
LEVXC500,Levofloxacin 500mg Tab - Berno,TAB,1000,900000.0
LEVXC500-INF,Levofloxacin Infus 500MG/100ML,BTL,120,3864800.0
LGN-RTA,LUNGENE COVID-19 ANTIGEN RAPID TEST,BOX,100,31000000.0
LIDC2,- Inj Lidocain HCL Inj 2% 2ML - Berno,AMPUL,100,450000.0
LIDC2,- Inj Lidocain HCL Inj 2% 2ML - Berno,BOX,1,141550.0
LIDC2-INJ,Lidocain Hcl Inj 2% 2ML,AMPUL,300,407400.0
LISNOP10,LISINOPRIL 10MG DEXA,TAB,1000,840000.0
LISNOP5,LISINOPRIL 5MG DEXA,TAB,750,525000.0
LKP7.5X4.5,Leukoplast 1625H (7.5cm X 4.5M),ROL,25,1472973.0
LMA-3,Laryngeal Mask Airway (LMA) No. 3,PCS,38,8740000.0
LNP-ANAK,LARYNGOSKOP ANAK,UNIT,1,5540540.54
LNP-BAYI,LARYNGOSKOP BAYI,UNIT,1,2927927.0
LNP-DWS,LARYNGOSKOP DEWASA,UNIT,1,4639639.64
LOBBYDUS,LOBBY DUSTER 90 CM,PCS,10,1621621.0
LOPRM2,LOPERAMIDE 2MG TAB,BOX,2,39288.28
LORAT-TABTRFA,LORATADINE TAB - TRIFA,BOX,1,22522.52
LORAT-TABTRFA,LORATADINE TAB - TRIFA,TAB,300,195000.0
LORATD10,Loratadine 10mg Tab,TAB,800,312000.0
LPO-AV,LAMPU OPERASI,UNIT,1,54954954.95
LPT,LAMPU TINDAKAN,UNIT,1,765762.0
LS-100HD,AUTOCLAVE GEA LS-100HD,UNIT,2,105675675.66999999
LYS20M,LYSE 20 M,BTL,1,1329000.0
MAP-K,MAP KERTAS,PAK,30,2347200.0
MAPP-001,MAP SNLHECTER PLASTIK,PAK,10,640000.0
MASFP-6.5,SURGICAL GLOVE STERILE FREE POWDER 6.5 MAS,PCS,2000,28800000.0
MASFP-7,SURGICAL GLOVE STERILE FREE POWDER 7 MAS,PCS,2000,28800000.0
MASFP-7.5,SURGICAL GLOVE STERILE FREE POWDER 7.5 MAS,PCS,2000,28800000.0
MASFP-8,SURGICAL GLOVE STERILE FREE POWDER 8 MAS,PCS,200,2880000.0
MASKN95,MASKER N95 5 PLY,BOX,3,1044000.0
MDXS,140 MODEXA SPRAY 140,BTL,14,4495400.0
MECBN,- Inj Mecobalamin Inj - Berno,AMPUL,100,765900.0
MECBN,- Inj Mecobalamin Inj - Berno,BOX,20,2023000.0
MECBN-INJ,Mecobalamin Inj,AMPUL,100,765900.0
MEFEAC500,Mefenamat Acid 500mg Tab Triman,BOX,3,92027.03
MEFEAC500,Mefenamat Acid 500mg Tab Triman,TAB,2240,1401150.0
MEFEACB500,Mefenamat Acid 500mg Tab Bernofarm,TAB,1000,254150.0
MEFN-500,MEFINAL 500,BOX,1,187500.0
MELOX-7.5HJ,Meloxicam HJ 7.5mg,BOX,1,31531.53
MELOX15,Meloxicam 15mg - Berno,BOX,15,975000.0
MERSB5INJ-MERSI,Mersibion 5000 Inj Box 100 amp @ 3ml - Mersi,AMPUL,300,2940000.0
MERSIB,Inj Mersibion inj,BOX,1,75000.0
METF500,METFORMIN 500 mg Tab Bernofarm,BOX,50,1395000.0
METF500,METFORMIN 500 mg Tab Bernofarm,TAB,11900,2933945.0
METFT500,METFORMIN 500 mg Tab Bernofarm,TAB,4600,1134130.0
METHYL125,Inj METHYLPREDNISOLON 125MG INJ,BOX,74,2142374.7
METHYL125,Inj METHYLPREDNISOLON 125MG INJ,TAB,2700,904004.0
METHYL4,Methylprednisolon 4mg,BOX,30,979200.0
METHYL4,Methylprednisolon 4mg,TAB,500,250000.0
METHYL4D,Methylprednisolone 4 MG DEXA,BOX,2,45045.04
METHYL4D,Methylprednisolone 4 MG DEXA,TAB,500,435000.0
METHYL8,Methylprednisolon 8mg,BOX,10,472500.0
METHYLERGO1,METHYLERGOMETRINE MALEATE 0.125 MG 25,TAB,200,204000.0
METMZ,Inj Metamizol Sodium Monohydrate Inj 1000mg/2ml @100 amp Bernofarm,AMPUL,400,2167927.0
METR500,Metronidazole 500mg Tab,BOX,11,325500.0
METR500,Metronidazole 500mg Tab,TAB,1500,676490.0
METRDI500,Metronidazole Infus 500mg/100ml,BTL,510,9861600.0
METROBER100,METRONIDAZOLE INFUS 100ML BERNO,BTL,10,300000.0
MGSO20,MAGNESIUM SULFATE 20,AMPUL,20,518000.0
MGSO40,Magnesium Sulfate 40% 25ml,AMPUL,20,553600.0
MICROP,100- MICROPIPET ADJ 100-1000 10000,BOX,1,0.0
MICROP,5-50 MICROPIPET ADJ 5-50,BOX,1,0.0
MIXA,Mixalgin,BOX,1,53000.0
MJ-GYN,MEJA GYNECOLOGI,UNIT,1,9700000.0
MK-S7,SYRINGE PUMP S7 SMART WITH PROTECT FRAME,UNIT,1,12600000.0
MK-V7,INFUSION PUMP V7 SMART WITH PROTECT FRAME,UNIT,1,11200000.0
MK01-100,SINGLE HEAD STETHOSCOPE,PCS,100,2000000.0
MK01-104,DUAL HEAD STETHOSCOPE,PCS,100,2200000.0
MK04-115,ELECTROSURGICAL PENCIL MK04-115,PCS,2549,107590000.0
MK07-301,MEDICAL PEN TYPE FLASHLIGHTHS,PCS,15,255000.0
MK07-353,OTOSCOPE MK07-353,UNIT,5,1500000.0
MK08-500A,MEDCO BLOOD LANCET 100PCS/BOX,BOX,30,684000.0
MK08-503B,STERILE SAFETY LANCET MK08-503B,BOX,297,26813950.0
MK08-565,MASKER MULTI ONE PLUS 3PLY EARLOOP,BOX,835,19626134.0
MK09-135,NASAL OXYGEN CANNULA ADULT,PCS,900,4725000.0
MK09-231,LATEX FOLEY CATHETER 2-WAY FR16,PCS,249,3604050.0
MK09-231-2,LATEX FOLEY CATHETER 2-WAY FR18,PCS,10,230000.0
MKOA-NRM,Masker Oksigen Anak NRM,PCS,2,97710.0
MKOA-RM,Masker Oksigen Anak RM,PCS,2,97710.0
MKOD-NRM,Masker Oksigen Dewasa NRM,PCS,2,87710.0
MKOD-RM,Masker Oksigen Dewasa RM,PCS,2,97710.0
MKPB,MAP KANCING PLASTIK BIRU,PAK,35,5022500.0
MLXFLU,Molexflu Tab,BOX,1,101250.0
MND-,MASKER NEBULIZER DEWASA ONEHEALTH ONEHEALTH,PCS,20,899099.0
MND-CH,Masker Nebulizer Dewasa Chrona (L),PCS,500,12462500.0
MOLG,MOLAGIT TAB,BOX,1,85000.0
"MOMTS0,1","Mometasone Cream 0,1% 10gr",TUBE,10,161000.0
MOXCTAB,Amoxicillin 500mg Tab,TAB,1627,2019800.0
MRP,1 INC MICROPORE 1 INCH,BOX,100,21837838.0
MRP,"1"" MICROPORE 1 INCH",PCS,310,3765763.2
MRP,"1/2"" MICROPORE 1/2 INCH",PCS,400,1801880.0
MRSB5INJ-MERSI,Mersibion 5000 Inj Box 10 amp @ 3ml - Mersi,AMPUL,1700,14450000.0
MSK3-OMD,MASKER 3 PLY ONEMED,BOX,75,1726643.1
MSKE3-ALTM,Masker Earloop 3 Ply Altamed,BOX,37,740000.0
MSKE3-CH,Masker Earloop 3 Ply Chrona,BOX,400,13200000.0
MSQ,SET MASQUITO,SET,3,6756756.75
MTCLP5,Metoclopramide 5mg,TAB,2100,1357500.0
MTHYL8,METHYLPREDNISOLON 8MG BERNO,BOX,1,40540.54
MVA-C01,MAONO MULTIFUNCTIONAL VOICE AMPLIFIER C01,UNIT,1,1300000.0
MWR,MOUSE WIRELESS,BUAH,5,770000.0
MX,6.5 MAXTER NO. 6.5,BOX,8,1693696.0
MX,7 MAXTER NO. 7,BOX,8,1693696.0
MX,8 MAXTER NO. 8,BOX,8,1693696.0
MXLG,MIXALGIN TAB,BOX,1,58558.56
NACL1-BBR,NaCL 0.9% 100ml - BBR,BTL,150,2550000.0
NACL5,NaCL 0.9% 500ml,BTL,200,2240000.0
NATDIK5,Natrium Diklofenac 50mg phapros,BOX,4,89721.61
NC,NESCO COLESTEROL,BOX,5,675665.0
NC-ALTM,Nurse Cap Altamed,BOX,38,1520000.0
NC16,NELATON CHATETER NO 16,PCS,50,1306306.5
NC18,NELATON CHATETER NO 18,PCS,50,1306306.5
NCOA-,NASAL CANUL OXYGEN ANAK ONEHEALTH ONEHEALTH,PCS,10,67117.1
NECK,COLAR L NECK COLAR (CERVICAL COLLAR) L,PCS,2,682882.0
NECK,COLAR NECK COLAR (CERVICAL COLLAR) M M,PCS,2,589190.0
NEDDLE,26G NEDDLE NO 26G,BOX,3,448108.08
NEG-L,"NITRILE EXAMINATION GLOVES ""L""",BOX,50,6304054.0
NEG-M,"NITRILE EXAMINATION GLOVES ""M""",BOX,50,6304054.0
NEG-S,"NITRILE EXAMINATION GLOVES ""S""",BOX,50,6304054.0
NELLCOBDK,NELLCO BEDAK SALICYL 60GR,BTL,12,81363.0
NEUROBION,injek NEUROBION INJEKSI 5000,AMPUL,40,18251767.0
NEUROBIONFORTE,NEUROBION FORTE TAB 250MG,TAB,1000,6182700.0
NEUTAB,Neurosanbe Tablet,BOX,1,181250.0
NGT-16TRM,SELANG NGT 16 TERUMO,PCS,10,310000.0
"NHKLP-7,5X7,5","Nusa Husada Kassa Lipat Polos 7,5cm x 7,5cm",PAK,60,8736000.0
NHKLR-10X10,Nusa Husada Kassa Lipat X-Ray 10cm x 10cm,PAK,50,11025000.0
NHKLR-5X5,Nusa Husada Kassa Lipat X-Ray 5cm x 5cm,PAK,40,19200000.0
NHWC-211,Disposable Single Heated Wire Breathing Circuit Neonatal w/Chamber NHWC-211,PCS,3,4312500.0
NICRP10,- Inj Nicardipine Inj 10mg,BOX,15,4788000.0
NICRP10-INJ,Nicardipine Inj 10mg,AMPUL,9,180090.0
NKS,16X16 KASSA STERIL 16X16,PAK,2060,14617120.0
NKS,16X16 KASSA STERIL 16X16,PCS,1000,2702700.0
NKSLM,10X10 KASSA STERIL LIMATUEL 10 x 10,BOX,1,238888.0
NKST,16X16 KASSA STERIL 16X16,BOX,16,107580.0
NKST,16X16 KASSA STERIL 16X16,PAK,115,1150000.0
NM-USGG5L,NAM MEDICAL ULTRASOUND GEL 5,DRIGEN,21,3360000.0
NOC-AO,NASAL OXYGEN CANNULA ADULT ONEMED,PCS,100,1600000.0
NORPN-INJ,Norephineprine Injeksi,AMPUL,26,910000.0
NOVCH300,NOVACHLOR 300 MG,TAB,300,241200.0
NTG,INJ 10 NTG INJ 10 MG,BOX,10,4875000.0
NYSD-BERNO,Nystatin Drop - Berno,BOX,2,328500.0
OB,MEJA MAYO/ OVER BED,UNIT,61,87927927.84
OBG,OBJEK GLASS,BOX,5,83333.3
OBHIKA,OBH IKA 100ml,BTL,500,12500000.0
OM,ODNER MAP,BUAH,62,3699900.0
OME40MGINJ,OMEPRAZOLE SODIUM MONOHYDRATE 40mg SERBUK INJ,BOX,60,9990000.0
OME40MGINJ,OMEPRAZOLE SODIUM MONOHYDRATE 40mg SERBUK INJ,VIAL,2050,41014800.0
OME40MGINJ-,OMEPRAZOLE SODIUM MONOHYDRATE 40mg BERNO SERBUK INJ - BERNO,VIAL,10,650000.0
OMEPZ-,Omeprazole 20mg Errita 20ERRITA,BOX,5,70000.0
OMZIFARS,OMEPRAZOLE IFARS,TAB,500,784500.0
ONDAN-INJ,Ondansetron injek,BOX,2,80000.0
ONDAN4,- Inj Ondansetron 4mg Injeksi,AMPUL,1119,3874400.0
ONDAN4,- Inj Ondansetron 4mg Injeksi,BOX,5,151800.0
ONDAN4-INJ,Ondansetron 4mg Injek,AMPUL,500,760500.0
ONDAN8,- Inj Ondansetron 8mg Injeksi,AMPUL,500,2306500.0
ONDAN8-INJ,Ondansetron 8mg Injek,AMPUL,500,2306500.0
ONDC4,Ondancetron HCl Dihydrate 4 mg Kaplet Salut Selaput,TAB,1700,2388488.0
ONEMED,APRON ONE ISI 10 PCS,BOX,10,248423.4
ONEMED-,"Catgut Chromic Uk. 2/0, HR-27, Tapper 75cm Catgut2",PCS,1,73500.0
ONEMED-CATGUT,"Catgut Chromic Uk. 2/0, HR-27, Tapper 75cm 2",BOX,12,1458378.36
ONEMED-CATGUT,"Catgut Chromic Uk. 3/0, HR-27, Tapper 75cm 3",PCS,40,1742630.6
ONEMED50,APRON ONE Box 50'S,PCS,1750,52500000.0
ORALT,ORALIT,BOX,2,298600.0
OTO-L,OTORO LATEX FREE POWDER ''L'',BOX,3890,252683174.8
OTO-M,OTORO LATEX FREE POWDER ''M'',BOX,9292,605822304.9
OTR-S,OTORO LATEX FREE POWDER ''S'',BOX,11840,774050506.3
OTR-XS,OTORO LATEX FREE POWDER ''XS'',BOX,20,1275000.0
OTRP-L,OTORO LATEX POWDER ''L'',BOX,40,2482000.0
OTRP-M,OTORO LATEX POWDER ''M'',BOX,140,8687000.0
OTRP-S,OTORO LATEX POWDER ''S'',BOX,220,13651000.0
OXYINJ,OXYTOXIN INJ,AMPUL,20,293400.0
P25,PENSIL 2B Stadler,PAK,2,158000.0
PARTS-T,PARATUSIN TAB,BOX,1,252252.25
PB5KG,PLASTIK BENING UK 5kg,PAK,5,115000.0
PBSHLAS,Pembersih Lantai Aroma Sereh,PCS,15,878377.5
PC,1.5 PCR 1.5 ONEMED,PAK,2,162198.0
PC,"RKT15321 PC RAKITAN CORE I5 RAM 32GB, SSD 1TB",UNIT,4,54054056.0
PC-5L,PORCELAIN CLEANER 5L,DRIGEN,5,410000.0
PCT-INFUS,Paracetamol 1 G/100ml Infus TD,BOX,1160,26143200.0
PCT120-60,Paracetamol 120 mg/60 ml Syr Bernofarm,BTL,250,985044.0
PE,H 40x60x05 PE HITAM K 40 X 60 X 05,KG,30,1054050.0
PE,H 90x120x05 PE HITAM K 90 X 120 X 05,KG,40,1405400.0
PE,H PE HITAM K 100 X 120 X 05 100X120X5 No TraPnEs aHksi Tanggal Kode Pel. Nama Pelanggan Alamat 100X120X5,KG,10,288288.3
PE,K 40x60x05 PE KUNING 40 X 60 X 05,KG,30,864840.0
PE,K 60X100X5 PE KUNING 60 X 100 X 05,KG,5,430405.4
PEL-N703,PEL NAGOYA LARGE 703,BUAH,1,37000.0
PELLAN,PEL LANTAI GAGANG,PCS,10,423423.0
PEMPOR,PEMBERSIH PORSELEN,BOX,15,905404.5
PEMUTIHPAKAI,Pemutih Pakaian AN,PCS,5,395219.0
PENGKI,Pengki,PCS,14,393216.0
PENLIGHT,PENLIGHT DELUXE ABN,PCS,2,900900.9
PEWARNA,PEWARNA GRAM GRAM,BTL,1,269369.36
PEWARNA,ZN PEWARNA ZIEHL NEELSEN,BTL,3,391891.89
PG-30,PENGGARIS 30CM,BUAH,12,62400.0
PGR-GAP,PENGHARUM RUANGAN GANTUNG APEL,PCS,15,285000.0
PGR-GJER,PENGHARUM RUANGAN GANTUNG JERUK,PCS,15,285000.0
PGR-GLAV,PENGHARUM RUANGAN GANTUNG LAVENDER,PCS,20,380000.0
PHOTO-XHZ90,GEA Neonate Bilirubin Phototherapy XHZ-90,UNIT,2,11000000.0
PIGEON,BUBLBE CPAP WITH COMPRESSOR+TROLLEY+ACCESORRIES,UNIT,1,127027027.01
PIP,POST IT PLASTIK,BUAH,30,540000.0
PIRAC1INJ-BERNO,Piracetam 1G Inj - Bernofarm,AMPUL,200,1220000.0
PIRAC3INJ-BERNO,Piracetam 3 G/15ml Inj - Bernofarm,BOX,10,1071000.0
PIRAC4-TRIFA,Piracetam 400 mg Tab Box @ 100 - Trifa,TAB,500,485000.0
PIROX10,Piroxicam 10 MG Nova,BOX,1,18018.02
PIROX10,Piroxicam 10 MG Nova,TAB,500,301500.0
PIROXC20,Piroxicam 20mg Tab,BOX,2,36499.08
PKSH40X60,Plastik Sampah Hitam 40x60,PAK,200,5572295.0
PKSH50X57,PLASTIK SAMPAH HITAM 50x57,PAK,155,3288557.5
PKSH90X120,PLASTIK SAMPAH HITAM 90x120,PAK,110,3258377.0
PKSK40X60,PLASTIK SAMPAH KUNING 40x60,PAK,160,5522880.0
PKSK90X120,PLASTIK SAMPAH KUNING 90x120,PAK,158,3950267.4
PLELB,PLESTER LUKA BULAT,BOX,175,8010235.0
PLESTER,ROL PLESTERIN ROL 5 CM X 5 CM 5X5,BOX,20,661261.2
PLMS,PLASTIK MEDIS INFEKSIUS 100x120cm,PAK,40,1153152.8
PM,PENSIL MEKANIK,BUAH,12,180000.0
PMLS125,Pamol Supp 125mg,SUPP,315,12285000.0
PMNG,PEL MOP NAGATA,BUAH,1,37000.0
PNDC,PANADOL CAPLET,TAB,500,643800.0
PNDEXT,PANADOL EXTRA,TAB,100,145965.0
PO-4X6,PLASTIK OBAT UKURAN 4X6 CM,PAK,3500,8795500.0
PO-7X10,Plastik Obat Ukuran 7x10,PAK,450,2837839.5
PO-8.7X13,Plastik Obat Ukuran 8.7x13,PAK,3650,38855267.0
POT-KS,Pot Tutup Kuning Sterile,PCS,5000,12980000.0
POT-URINENSH,Pot Urine Non-Sterile Tutup Hijau,PCS,1500,3378376.0
PP,PENGHAPUS PENSIL,PAK,1,113500.0
PRAZ30,PRAZOTEC INJ 30MG,VIAL,1401,105390320.0
PRBCLE-M53,M53 PROBE CLEANSER,BTL,2,641400.0
PRK,PLESTER ROLL KECIL,PCS,60,643243.8
PRMETH-K5%,PERMETHRIN Krim 5%,TUBE,20,1340000.0
PROPN10,Propanolol 10mg Tab ( dexa ),TAB,1000,700000.0
PROVI,PROVE VIT INJEKSI,AMPUL,4,878378.36
PRS,PARTUS SET,SET,2,1801801.8
PSE,OX PULSE OXIMETER,UNIT,1,345045.05
PSE,OXA PULSE OXYMETER ANAK,PCS,11,6018019.47
PSH,PULPEN STANDARD HITAM,BOX,40,2000000.0
PTS-100,POT SALEP 100,PCS,150,236250.0
PTS-50,POT SALEP 50 GRAM,PAK,4,147000.0
PTU100,Propylthiouracil 100mg (Dexa),BOX,8,672720.0
PTU100,Propylthiouracil 100mg (Dexa),TAB,2500,2745000.0
PU,50 POT URINE 50 CC,BTL,300,635133.0
PULSE-,PULSE OXIMETER JPD-500D ONEHEALTH JPD500D,UNIT,2,900900.8
PVI-300,POVIDONE IODINE 300ml,BTL,6,143400.0
PVI-60,POVIDONE IODINE 60ml,BTL,960,9792000.0
RANID-INJ,Ranitidine Injek,AMPUL,989,3176500.0
RANID-INJ,Ranitidine Injek,BOX,7,1452250.0
RANIT150,Ranitidine 150mg Tab,BOX,51,2041000.0
RANITHJ,Ranitidin HJ Box @ 200s,TAB,3600,2160000.0
REFLOBBYDUS,REFILL LOBBY DUSTER 45 CM,PCS,5,427928.0
RGR,REGULATOR,UNIT,10,1680000.0
RISDONE2,RISPERIDONE 2MG,BOX,30,1980000.0
RL5-BBR,RL 500ml - BBR,BTL,130,2470000.0
RP,RAUTAN PENSIL,PAK,1,101000.0
RVN0.1%-300,RIVANOL 0.1% 300 ML,BTL,5,65000.0
S,"2/0 27,75 BENANG SILK 2/0 27mm, 75cm",PCS,27,687500.0
S,"3/0 27,75 BENANG SILK 3/0 27mm, 75cm",PCS,34,1103253.0
SABPP,Sabun Pencuci Piring 5 Liter,DRIGEN,10,945000.0
SABUNPIRING,SABUN PENCUCI PIRING,PCS,15,337845.0
SALBTM-2IFI,Salbutamol 2mg Tab - IFI,BOX,1,22522.52
SAPU,IJUK Sapu Ijuk Lantai,PCS,15,372139.0
SAPU,LIDI Sapu Lidi Gagang,PCS,12,214180.0
SAPULIDI,Sapu Lidi Kasur,PCS,3,24327.0
SARINGANKOL,SARINGAN KOLAM AM,PCS,2,191482.1
SAU,STRIP ASAM URAT,BOX,88,12031894.4
SB,SERBET,PCS,10,290000.0
SB5L,SAFETY BOX 5L + TALI KUNING,PCS,200,3400000.0
SC-E,Sabun Cream Ekonomi,BUAH,5,72500.0
SC-FALCON,SET SC BEDAH LENGKAP FALCON,UNIT,2,90090090.0
SCP,SUCTION PUMP,UNIT,1,4954954.95
SCPP,Scopma Plus,BOX,1,125000.0
SCRFS,Sucralfate Syr 100ml,BTL,356,9525000.0
SCT,STRIP CHOLESTEROL,BOX,223,45970689.14
SCTM,SUCTION CONNECTING TUBE MAS,PCS,1100,37400000.0
SDHVSA470,SINAR DUNIA KERTAS HVS A4 70 GR,RIM,12,756756.0
SDHVSA480,SINAR DUNIA KERTAS HVS A4 80 GR,RIM,84,6534168.0
SDHVSF470,SINAR DUNIA KERTAS HVS F4 70 GR,RIM,12,799992.0
SDHVSF480,SINAR DUNIA KERTAS HVS F4 80 GR,RIM,84,6916704.0
SDKOP,SENDOK OBAT PUYER,BUAH,6,270000.0
SDVAL250,Sodium Valproat Syr 250ml/5ml Bernofarm,BTL,5,126400.0
SET-TAB0.5,SET TABUNG OKSIGEN 0.5 M3,SET,8,4800000.0
SGD,STRIP GULA DARAH,BOX,42,5067117.04
SGDA,Strip Gula Darah Auto Check,BOX,32,2520000.0
SGJB,SIGNPRO JOYKO BIRU / BALLINER,PAK,10,2337720.0
SGM-400,SUSU SGM EXPLORE GAIN OPTIGROW 400GR,BOX,377,44863000.0
SGMA-100,SUSU SGM ANANDA GAIN 100,BOX,47,6815000.0
SHB,STRIP HEMOGOBLIN (HB),BOX,130,27487703.55
SHM-002,SHAMROCK LATEX POWDER ''S'',BOX,30,2594580.0
SHM-003,SHAMROCK LATEX POWDER ''M'',BOX,20,1729720.0
SHM-005,SHAMROCK LATEX FREE POWDER ''L'',BOX,650,56216218.5
SHM-006,"SHAMROCK LATEX FREE POWDER ""M""",BOX,1800,155675682.0
SHM-007,SHAMROCK LATEX FREE POWDER ''S'',BOX,2150,185945953.5
SHM-008,"SHAMROCK LATEX FREE POWDER '""XS''",BOX,20,1729729.6
SHMN-001,"SHAMROCK NITRILE EXAMINATION GLOVES POWDER FREE ""S""",BOX,20,1639640.0
SHMN-002,"SHAMROCK NITRILE EXAMINATION GLOVES POWDER FREE ""M""",BOX,20,1639639.6
SILEXSYRUP,SILEX SYRUP,BOX,10,975819.5
SILICONE,Pad HECTING SUTURE SILICONE PAD 3 LAYERS,PCS,4,324324.0
SIMV10,MG SIMVASTATIN 10 MG HJ,TAB,500,1480000.0
SIMV20,Simvastatin 20 mg,BOX,2,65800.0
SIMV20,Simvastatin 20 mg,TAB,3000,698490.0
SK-500I,SYRINGE PUMP SK-500I,UNIT,7,70945945.98
SK-600I,INFUSIOM PUMP SK-600I,UNIT,9,145945945.98
SKBF-9502,Sikat Baju Fumi 9502 Homee,BUAH,2,56000.0
SKLT-362,Sikat Lantai Tangkai Sydney SK-362 Gragon,BUAH,2,95000.0
SKTF-9601,Sikat Toilet Felina 9601 Homee,BUAH,4,112000.0
SLBTM2,Salbutamol 2mg Tab (Berno),BOX,30,648000.0
SLBTM2,Salbutamol 2mg Tab (Berno),TAB,5000,3750000.0
SMSDM,SM SEDIMEN,BTL,1,88918.91
SP,25 SPINOCAN 25,BOX,2,1576576.0
SP,27 SPINOCAN 27,BOX,2,1576576.0
SP,SYRINGE PUMP,UNIT,1,11531531.53
SP1,EX SYRINGE PUMP BeneFusion SP1 EX MINDRAY,UNIT,2,20270270.28
SP1,Water Tank 10lt Sparepart,PCS,3,13350000.0
SP2,Water Trap Filter Kompressor Sparepart Dental Unit,PCS,1,820000.0
SP3,Handpiece Turbine Highspeed Sparepart Dental unit,PCS,1,5220000.0
SPDC-380,SUSU PEDIACOMPLETE 380GR VANILA,BOX,11,3190000.0
SPDP,SPIDOL PERMANENT,PCS,100,2263800.0
SPIR25,SPIROLA 25mg,BOX,111,11990000.0
SPON,SPON CUCI PIRING,PCS,22,127570.0
SPRNL100,Spironolactone 100mg,TAB,500,700000.0
SPRNL25,Spironolactone 25mg,TAB,1000,450000.0
SPSR-400,SUSU PEDIASURE 400GR ABBOT,BOX,84,23940000.0
SPSRGO-110,SUSU PEDIASURE GO 110ML,BOX,187,3366000.0
SRGM,PDH SERAGAM PDH,PCS,27,7540533.0
SSC,8 SELANG SUCTION CHATETER NO.8,PCS,10,67117.1
SSCP,Sabut Stainless Cuci Piring,PCS,10,145000.0
SSRB,Sapu Sawang Rakbol Bulat Gragon,BUAH,2,159000.0
SSSYX-01,STROMATOLYSER WH-500ML SYSMEX,BTL,3,4345135.11
ST,SOLATIPE,BUAH,24,180000.0
STCP-GC,STETOSCOP GENERAL CARE,PCS,12,594588.0
STN,STICK NOTES,BUAH,24,231600.0
STP,STAPLER,BUAH,12,169200.0
STRD-2.0,Stetoskop Riester Duplex 2.0,UNIT,1,1000000.0
SUCRAL100DEXA,Sucralfate 100ml Dexa,BTL,50,1325000.0
SURGICAL,SURGICAL TAPE PLESTER ISOPORE 1 INC TAPE PLESTER ISOPORE 1 INC,BOX,10,1372072.0
SV-006,Pemeliharaan Dental Unit Merk Ritter,PAKET,1,6840000.0
SYNOVENT,350 VENTILATOR MINDRAY SYNOVENT 350,UNIT,3,932432432.43
SYS-50,SYRINGE PUMP SYS 50 MEDCAPTAIN,UNIT,1,9909910.0
SYS-70,INFUSION PUMP SYS 70 MEDCAPTAIN,UNIT,1,9909910.0
SZYM5L,STERIZYME DUAL ENZYMATIC DETERGENT 5 L,DRIGEN,5,8288290.0
TABTTD,Tablet Tambah Darah Triman,TAB,500,650000.0
TABUNG,1 M3 TABUNG OKSIGEN 1 M3,UNIT,13,3603600.0
TABUNG,1.5 M3 TABUNG OKSIGEN 1.5 M3,UNIT,10,6756760.0
TABUNG,1m3 TABUNG OKSIGEN 1m3 + REGULATOR + TROLL,UNIT,9,22628637.810000002
TABUNG,6M3 TABUNG OKSIGEN 6M3,UNIT,24,0.0
TABUNG,6m3 TABUNG OKSIGEN 6m3 + REGULATOR + TROLL,UNIT,54,240956756.73000002
TBM,TIMBANGAN BADAN MANUAL,UNIT,6,1135135.08
TC,HS 5 TWIN CARE HANDSANITIZER 5 LITER,GR,4,558378.36
TC-HANDSOAP,TWIN CARE HANDSOAP AROMA KEMASAN 5 LITER,DRIGEN,25,2256754.5
TCH-500,TWIN CARE HANDSANITIZER 500 ML PUMP,BTL,24,929729.52
TERMIC10,TERMISIL CREAM 10 GRAM,TUBE,7,432250.0
TERUMO,TERAFUSION Syirnge Pump Type SS3-TE*SS730,UNIT,20,348000000.0
TESTKH,STRIP TEST KEHAMILAN,BOX,10,1279729.7
TETAGAM,INJ 1 TETAGAM P. PREFILLED INJ 1 ML,BOX,4,1151400.0
TG,TUSUK GIGI,PAK,2,46000.0
THERM,STAND THERMOMETER INFRARED STANDING,UNIT,1,976126.12
THERM,TERMOMETER HEAD YUWELL YHW 1 YUWELL,UNIT,5,1049549.5
THROM20GR,Thrombopop 20gr Gel,TUBE,5,397814.75
THT,THT SET,SET,1,900900.9
TINEP01-B,TINTA EPSON 001 BIRU,BOX,3,201000.0
TINEP01-H,TINTA EPSON 001 HITAM,BOX,3,201000.0
TINEP01-K,TINTA EPSON 001 KUNING,BOX,3,201000.0
TINEP01-M,TINTA EPSON 001 MAGENTA,BOX,3,201000.0
TINEP03-B,TINTA EPSON 003 BIRU,BOX,7,469000.0
TINEP03-H,TINTA EPSON 003 HITAM,BOX,7,469000.0
TINEP03-K,TINTA EPSON 003 KUNING,BOX,7,469000.0
TINEP03-M,TINTA EPSON 003 MAGENTA,BOX,7,469000.0
TINEP120-B,TINTA EPSON L120 BIRU,BTL,2,152000.0
TINEP120-H,TINTA EPSON L120 HITAM,BTL,2,152000.0
TINEP120-K,TINTA EPSON L120 KUNING,BTL,2,152000.0
TINEP120-M,TINTA EPSON L120 MERAH,BTL,2,152000.0
TISU,TISSUE,PAK,130,1698190.0
TISUGT,Tissue Gulung Toilet,BUAH,150,2554050.0
TISUGT,Tissue Gulung Toilet,PAK,50,833350.0
TISUHT,Tissue Hand Towel,PAK,120,970720.0
TISUJ250,TISSUE JOLLY 250 SHEET,PAK,50,859100.0
TISUR250,Tissue Refil 250 Sheet,BUAH,150,2175000.0
TISUS250,Tissue SEE U 250 Sheet,PAK,50,877500.0
TMJ-001,TENSI METER JARUM MANUAL,UNIT,13,4751351.26
TMJG-M,TENSIMETER DIGITAL MICROLIFE,PCS,12,4324332.0
TNTSOB,Tinta Stempel Otomatis Biru,PCS,1,76500.0
TNTSOM,Tinta Stempel Otomatis Merah,PCS,1,76000.0
TNTSOU,Tinta Stempel Otomatis Ungu,PCS,3,229500.0
TPTS240,TEMPAT SAMPAH 240L,UNIT,1,1468468.0
TPTSI20,Tempat Sampah Injak 20 Liter,UNIT,20,3384860.0
TPTSI25,Tempat Sampah Injak 25 Liter,UNIT,10,805000.0
TPTSR50,Tempat Sampah Roda 50 Liter,BUAH,1,364000.0
TRIAMCT,Trifamycetin Oint,TUBE,400,6000000.0
TRL,2 TROLY 2 SUSUN STAINLESS,UNIT,5,6081081.6
TRLC10-INJ,Trilac 10 Injeksi,BOX,5,1100000.0
TRMZ-TAB,Tremenza Tablet,TAB,3000,6900000.0
TRO0.5,TROLLY OKSIGEN 0.5 M3,UNIT,8,1200000.0
TROLI,TROLI KEBERSIHAN,UNIT,2,1254720.7
TROLKG,TROLLY EKG,UNIT,2,3063062.0
TS-02,T SILK 2/0 S25,BOX,3,770265.0
"TV42""",TV 42 INC,UNIT,1,14414414.4
UBG,URINE BAG,PCS,50,716216.0
UFIX,Ultrafix Medical 10x5,BOX,210,5034500.0
UFIX5,ULTRAFIX MEDICAL 5X5,BOX,86,2367140.0
UMB,UMBLICAL CORD KLEM BOX@50PCS,BOX,10,1125675.6
UP-001,UNDERPAD,PAK,52,2624144.02
URO400,Urotractine Tab,TAB,1380,8736000.0
URS-10T,URINE STRIP 10U,BTL,16,3008344.9
USKAC250,URSODEOKSIKHOLIK ACID 250mg,BOX,50,4200000.0
VALS,160 VALSARTAN 160MG,BOX,50,2400000.0
VALS,80 VALSARTAN 80MG,BOX,1,138000.0
VALS,80 VALSARTAN 80MG,TAB,300,1740000.0
VCMC,60 VACUM CUP 60 MM,UNIT,1,802702.74
VECCAP,VECTRINE 300 MG,BOX,6,912000.0
"VEN-NEB2,5","VENTOLIN NEBULES 2,5MG",BOX,2,1018000.0
"VEN-NEB2,5","VENTOLIN NEBULES 2,5MG",VIAL,30,1080000.0
VES,Vesperum Tab,BOX,1,55500.0
VETO,5 VETO DISINFECTANT DRIGENT 5 LITER,GR,1,198153.15
VGEN-10,GENSET VGEN 10 KVA,SET,1,87387388.0
VIEWER,POLY VIEWER POLY 069 DOUBLE (20 WATT SLIM) 069,UNIT,1,7540091.0
VIT,B 12 Vitamin B 12 50mcg Tab (AFI),BOX,246,3932064.0
VIT,B Com Vitamin B Complex,BTL,1,25785.0
VIT,B Comx Vitamin B Complex (HOLI),BOX,5,173400.0
VIT,B Comxn Vitamin B Complex (NOVA),BOX,33,728937.0
VITZMP,Vitazym Plus,BOX,1,90090.09
VMTFT10,VOMETA FT 10MG,BOX,1,362500.0
VOSETAB,VOSEA TAB,TAB,200,129000.0
WATO,20 MINDRAY MESIN ANESTESI WATO 20,UNIT,2,481081081.08
WCD,WEAPER KACA DRAGON,PCS,5,150000.0
WIDAL,"GLORY TESTDIAGNOSTICS WIDAL SET 8 ( O,H,AO,BO,CO,AH,BH,CH)",PAK,4,4322522.52
WIDAL-02,"FORTRESS Widal Test (S. typhi H, O, S. para typhi A(H), B(H), A(O), B(O), C(H), dan C(O), with control positif and negatif",SET,5,3351351.3
WTRFI50,WATER FOR INJECTION 50ML INJ,VIAL,100,4547500.0
YK-8000B,PATIEN MONITOR YONKER 8000B,UNIT,10,150450450.47
YMD4K-M96,TV Stick 4K HD Smart Android 13 Ram 2GB Rom 16GB,UNIT,1,439000.0
YTK-OBGYN,SARUNG TANGAN OBGYN STERIL YUTAKA,PAIRS,20,840000.0
YUWELL,YT1 TERMOMETER HEAD YUWELL YT 1,UNIT,5,2342342.5
YX-930D,SUCTION DEWASA,UNIT,3,13513513.53
ZINCS60-BERNO,Zinc Sulfate 60ml Syr - Berno,BOX,50,427500.0
ZINCTAB,Zinc Tab Holi,TAB,500,659500.0
ZINK60ML,ZINC SYRUP MEPRO,BTL,50,405000.0
ZLV4,Ziloven 4mg Tab,TAB,500,390000.0
ZT-120,TIMBANGAN BADAN DAN PENGUKUR TINGGI,UNIT,1,2252252.25
