Kode Item,Nama Item,Satuan Standar,Jumlah_Bulan_Data,Jumlah_Bulan_Terjual,Total_Permintaan,Rata_Rata_Permintaan,Maksimum_Permintaan,Status_Kelayakan
0106-1100-16,"EMBEDDING CASSETTE, 45°ANGLE MARKING AREA, W/REMOVABLE LID & STRIPE HOLES, HISTOLOGY, P.O.M. MATERIAL. WHITE",BOX,34,2,6.0,0.17647058823529413,4.0,Data Terlalu Sedikit
0106-1100-16,"EMBEDDING CASSETTE, 45°ANGLE MARKING AREA, W/REMOVABLE LID & STRIPE HOLES, HISTOLOGY, P.O.M. MATERIAL. WHITE",CARTON,35,1,4.0,0.11428571428571428,4.0,Data Terlalu Sedikit
10,CC SPUIT 10 CC,BOX,33,1,3.0,0.09090909090909091,3.0,Data Terlalu Sedikit
11803,Biosystem Glucose 1x50ml,BOX,33,1,1.0,0.030303030303030304,1.0,Data Terlalu Sedikit
1218,Miconazole Nitrate Krim 2%,BOX,34,2,2.0,0.058823529411764705,1.0,Data Terlalu Sedikit
1218,Miconazole Nitrate Krim 2%,TUBE,35,1,350.0,10.0,350.0,Data Terlalu Sedikit
1374,Cetirizine HCl 10 mg TSS,BOX,33,1,6.0,0.18181818181818182,6.0,Data Terlalu Sedikit
1710001,FORTRESS Widal Test control positif and negatif,SET,33,1,5.0,0.15151515151515152,5.0,Data Terlalu Sedikit
1749,Lansoprazole 30mg Kapsul Lepas Tunda,BOX,33,2,3.0,0.09090909090909091,2.0,Data Terlalu Sedikit
1CC,SPUIT 1 CC,BOX,34,4,49.0,1.4411764705882353,25.0,Layak Diprediksi
1CC,SPUIT 1 CC,PCS,35,1,800.0,22.857142857142858,800.0,Data Terlalu Sedikit
2121-0030,"INOCULATION LOOPS, FLEXIBLE, 1μL+INCORPORATED NEEDLE, ABS MATERIAL, NEUTRAL COLOR. 1PC/PEEL-PK, GAMMA STERILE",BOX,35,2,6.0,0.17142857142857143,4.0,Data Terlalu Sedikit
2121-0030,"INOCULATION LOOPS, FLEXIBLE, 1μL+INCORPORATED NEEDLE, ABS MATERIAL, NEUTRAL COLOR. 1PC/PEEL-PK, GAMMA STERILE",CARTON,35,2,2.0,0.05714285714285714,1.0,Data Terlalu Sedikit
2121-0030,"INOCULATION LOOPS, FLEXIBLE, 1μL+INCORPORATED NEEDLE, ABS MATERIAL, NEUTRAL COLOR. 1PC/PEEL-PK, GAMMA STERILE INOCULATION LOOPS, FLEXIBLE, 1μL+INCORPORATED NEEDLE, ABS MATERIAL, No Transaksi TNaEnUgTgRaAlL COLORK. o1PdCe /PPEeEl.L-PK, GNAamMMa APelanggan Alamat STERILE",CARTON,35,1,1.0,0.02857142857142857,1.0,Data Terlalu Sedikit
2121-0034-02,"INOCULATION LOOPS, FLEXIBLE, 10μL+INCORPORATED NEEDLE, ABS MATERIAL, BLUE COLOR. 1PC/PEEL-PK, GAMMA STERILE",BOX,35,7,58.0,1.6571428571428573,19.0,Layak Diprediksi
2121-0034-02,"INOCULATION LOOPS, FLEXIBLE, 10μL+INCORPORATED NEEDLE, ABS MATERIAL, BLUE COLOR. 1PC/PEEL-PK, GAMMA STERILE",CARTON,35,1,2.0,0.05714285714285714,2.0,Data Terlalu Sedikit
2121-0034-02,"INOCULATION LOOPS, FLEXIBLE, 10μL+INCORPORATED NEEDLE, ABS MATERIAL, BLUE COLOR. 1PC/PEEL-PK, GAMMA STERILE",PAK,35,1,25.0,0.7142857142857143,25.0,Data Terlalu Sedikit
2121-2005,"INOCULATION LOOPS,10μL, HIPS MATERIAL, DARK BLUE COLOR. 20PCS/ZIP-LOCK PACK, 03/07/2026 13.49 ADMGAINMMA STERILE. 9/23 No Transaksi TINaOnCgUgLaAlTION LOKOoPdSe,1 P0μeLl., HIPS NMaAmTEaR PIAeLla,nggan Alamat DARK BLUE COLOR. 20PCS/ZIP-LOCK PACK, GAMMA STERILE.",BOX,35,1,2.0,0.05714285714285714,2.0,Data Terlalu Sedikit
2121-2005,"INOCULATION LOOPS,10μL, HIPS MATERIAL, DARK BLUE COLOR. 20PCS/ZIP-LOCK PACK, GAMMA STERILE.",BOX,34,3,7.0,0.20588235294117646,3.0,Data Terlalu Sedikit
2122-0022,MICROBIAL COLLECTION SWAB Diam 2.2mm x 150mm Cotton Head Polystyrene Individual Peel Pack Gamma Sterile 500/Pack,PAK,33,1,1.0,0.030303030303030304,1.0,Data Terlalu Sedikit
220,Paracetamol 120 mg/5 ml Syr,BTL,33,1,5.0,0.15151515151515152,5.0,Data Terlalu Sedikit
2303-1060,"PETRI DISHES, PS MATERIAL. DIA.60MM X 15MM. 1 ROOM/3 VENTS. E.O. STERILE.",CARTON,33,1,3.0,0.09090909090909091,3.0,Data Terlalu Sedikit
2303-1090,"PETRI DISHES, PS MATERIAL. DIA.90MM X 15MM, 1 ROOM/3 VENTS. E.O.STERILE",CARTON,33,1,25.0,0.7575757575757576,25.0,Data Terlalu Sedikit
268,Cefadroxil Monohydrate 500mg Kapsul Bernofarm,BOX,34,3,35.0,1.0294117647058822,30.0,Layak Diprediksi
268,Cefadroxil Monohydrate 500mg Kapsul Bernofarm,TAB,35,3,1721.0,49.17142857142857,1000.0,Layak Diprediksi
3,CC SPUIT 3 CC,BOX,33,5,137.0,4.151515151515151,50.0,Layak Diprediksi
343,Ondancetron HCl Dihydrate 8 mg Kaplet Salut Selaput,BOX,35,1,30.0,0.8571428571428571,30.0,Data Terlalu Sedikit
343,Ondancetron HCl Dihydrate 8 mg Kaplet Salut Selaput,TAB,34,1,900.0,26.470588235294116,900.0,Data Terlalu Sedikit
367812,TUBE PLN PLH 13X75 4.0 PLBL RD,BOX,33,1,5.0,0.15151515151515152,5.0,Data Terlalu Sedikit
367856,"TUBE EDTA PLH 13X75, 3.0",BOX,33,16,454.0,13.757575757575758,50.0,Layak Diprediksi
367957,"TUBE SST II PLH 13X75, 3.5",BOX,33,15,449.0,13.606060606060606,60.0,Layak Diprediksi
3WAY,Three Way Stopcock Onemed Threeway 3 Way,PCS,33,1,19.0,0.5757575757575758,19.0,Data Terlalu Sedikit
4004-0105,"CYLINDRICAL TEST TUBE, PLAIN, VOL.3ML, 10X75MM, 0.8-1.0MM THICK, MEDIUM BOROSILICATE GLASS MATERIAL",CARTON,33,2,9.0,0.2727272727272727,5.0,Data Terlalu Sedikit
4004-0111,"CYLINDRICAL TEST TUBE, PLAIN, VOL.5ML, 12X75MM, 0.8-1.0MM THICK, MEDIUM BOROSILICATE GLASS MATERIAL",BOX,35,2,7.0,0.2,4.0,Data Terlalu Sedikit
4004-0111,"CYLINDRICAL TEST TUBE, PLAIN, VOL.5ML, 12X75MM, 0.8-1.0MM THICK, MEDIUM BOROSILICATE GLASS MATERIAL",CARTON,34,1,7.0,0.20588235294117646,7.0,Data Terlalu Sedikit
4004-0805,"CYLINDRICAL TEST TUBE, PLAIN, VOL.5ML/12X75MM, PS MATERIAL",CARTON,34,6,63.0,1.8529411764705883,20.0,Layak Diprediksi
4004-0805,"CYLINDRICAL TEST TUBE, PLAIN, VOL.5ML/12X75MM, PS MATERIAL",POLYBAG,35,1,6.0,0.17142857142857143,6.0,Data Terlalu Sedikit
4004-1021,"CYLINDRICAL CULTURE TUBE, WITH DUAL- POSITION SNAP CAP IN PE MATERIAL (LOOSE FOR AEROBIC CULTURING, TIGHT FOR SEALING), TUBES IN PS MATERIAL. VOL.15ML/17X100MM, WITH GRADUATION AT EACH 1/2ML UP TO 12ML. INDIVIDUAL PEEL-PK, GAMMA STERILE",CARTON,33,2,4.0,0.12121212121212122,3.0,Data Terlalu Sedikit
4320-0111,"PASTEUR PIPETTE, LDPE MATERIAL, CAP.5ML/145MM LONG, GRADUATED AT EVERY 1/4ML UP TO 1ML",BOX,33,2,9.0,0.2727272727272727,5.0,Data Terlalu Sedikit
4320-0112,"PASTEUR PIPETTE, LDPE MATERIAL, CAP.5ML/145MM LONG, GRADUATED AT EVERY 1/4ML UP TO 1ML. INDIVIDUAL FLOW-PACK, E.O. STERILE",BOX,35,1,1.0,0.02857142857142857,1.0,Data Terlalu Sedikit
4320-0112,"PASTEUR PIPETTE, LDPE MATERIAL, CAP.5ML/145MM LONG, GRADUATED AT EVERY 1/4ML UP TO 1ML. INDIVIDUAL FLOW-PACK, E.O. STERILE",CARTON,35,1,2.0,0.05714285714285714,2.0,Data Terlalu Sedikit
4320-0112,"PASTEUR PIPETTE, LDPE MATERIAL, CAP.5ML/145MM LONG, GRADUATED AT EVERY 1/4ML UP TO 1ML. INDIVIDUAL FLOW-PACK, E.O. STERILE No Transaksi TPAanSgTEgUalR PIPETTKEo, dLDe PPEe Ml.ATERNIAaLm, a Pelanggan Alamat CAP.5ML/145MM LONG, GRADUATED AT EVERY 1/4ML UP TO 1ML. INDIVIDUAL FLOW-PACK, E.O. STERILE",CARTON,35,1,2.0,0.05714285714285714,2.0,Data Terlalu Sedikit
4320-0511,"PASTEUR PIPETTE, LDPE MATERIAL, CAP.7ML/155MM LONG, GRADUATED AT EVERY 1/2ML UP TO 3ML",BOX,35,2,14.0,0.4,9.0,Data Terlalu Sedikit
4320-0511,"PASTEUR PIPETTE, LDPE MATERIAL, CAP.7ML/155MM LONG, GRADUATED AT EVERY 1/2ML UP TO 3ML No Transaksi TPAanSgTEgUalR PIPETTKEo, dLDe PPEe Ml.ATERNIAaLm, a Pelanggan Alamat CAP.7ML/155MM LONG, GRADUATED AT EVERY 1/2ML UP TO 3ML",BOX,34,1,5.0,0.14705882352941177,5.0,Data Terlalu Sedikit
4320-0513,"PASTEUR PIPETTE, LDPE MATERIAL, CAP.7ML/155MM LONG, GRADUATED AT EVERY 1/2ML UP TO 3ML. INDIVIDUAL PEEL-PACK, E.O. STERILE",BOX,35,1,19.0,0.5428571428571428,19.0,Data Terlalu Sedikit
4320-0513,"PASTEUR PIPETTE, LDPE MATERIAL, CAP.7ML/155MM LONG, GRADUATED AT EVERY 1/2ML UP TO 3ML. INDIVIDUAL PEEL-PACK, E.O. STERILE",CARTON,34,2,6.0,0.17647058823529413,4.0,Data Terlalu Sedikit
4330-0004-02,"Blue Tips,VOL.1000μl,Eppendorf/Universal type,PP material",CARTON,34,0,0.0,0.0,0.0,Data Terlalu Sedikit
4330-0004-02,"Blue Tips,VOL.1000μl,Eppendorf/Universal type,PP material BAG",ZIP-LOCK,35,3,59.0,1.6857142857142857,37.0,Layak Diprediksi
4330-0012-02,"Blue Tips,Gilson/Universal type,VOL.1000μl,graduated at 100/250/500/100μl,PP BAG material",ZIP-LOCK,34,3,57.0,1.6764705882352942,50.0,Layak Diprediksi
4330-0012-02,"Blue Tips,Gilson/Universal type,VOL.1000μl,graduated at 100/250/500/100μl,PP material",CARTON,35,2,2.0,0.05714285714285714,1.0,Data Terlalu Sedikit
4330-0016-17,"Yellow Tips,VOL.200μl,Eppendorf/Universal type,PP material",BOX,33,3,39.0,1.1818181818181819,24.0,Layak Diprediksi
4330-0021-17,"Yellow Tips,Gilson/Universal type,VOL.200μl,graduated at 10/20/50/100μl,PP BAG material",ZIP-LOCK,35,1,19.0,0.5428571428571428,19.0,Data Terlalu Sedikit
4330-0021-17,"Yellow Tips,Gilson/Universal type,VOL.200μl,graduated at 10/20/50/100μl,PP material",CARTON,34,3,4.0,0.11764705882352941,2.0,Data Terlalu Sedikit
4330-0023,"Pipet Tips,eppendorf type,VOL.10μl,PP material,Natural color",CARTON,34,1,1.0,0.029411764705882353,1.0,Data Terlalu Sedikit
4330-0023,"Pipet Tips,eppendorf type,VOL.10μl,PP material,Natural color",POLYBAG,35,3,20.0,0.5714285714285714,10.0,Layak Diprediksi
4610-1924,"Centrifuge Tube, PP material, conical bottom, Vol.15ml/17x120mm, BLUE printed graduation from 1.5ml to 15ml/graduation interval 0.5ml. Screw cap leakage-proof, GREY color. DNase-free, RNase-free, Non-Pyrogen, Assembled, E.O. sterile, individual flow-pack, 50pcs/box",BOX,34,1,5.0,0.14705882352941177,5.0,Data Terlalu Sedikit
4610-1924,"Centrifuge Tube, PP material, conical bottom, Vol.15ml/17x120mm, BLUE printed graduation from 1.5ml to 15ml/graduation interval 0.5ml. Screw cap leakage-proof, GREY color. DNase-free, RNase-free, Non-Pyrogen, Assembled, E.O. sterile, individual flow-pack, 50pcs/box",CARTON,35,5,19.0,0.5428571428571428,6.0,Layak Diprediksi
5,CC SPUIT 5 CC,BOX,33,3,55.0,1.6666666666666667,50.0,Layak Diprediksi
546,Cefadroxil Monohydrate 125mg/5ml Sirup Kering Bernofarm,BTL,33,1,5.0,0.15151515151515152,5.0,Data Terlalu Sedikit
5600-0001,"SHARP CONTAINER, FOR CLINICAL WASTE, PP MATERIAL, RECTANGULAR SHAPE. LID IN TRANSPARENT COLOR, CONTAINER IN YELLOW COLOR, VOL.1L/ L105XW85XH180MM",CARTON,34,2,4.0,0.11764705882352941,3.0,Data Terlalu Sedikit
5600-0001,"SHARP CONTAINER, FOR CLINICAL WASTE, PP MATERIAL, RECTANGULAR SHAPE. LID IN TRANSPARENT COLOR, CONTAINER IN YELLOW COLOR, VOL.1L/ L105XW85XH180MM",PCS,35,1,50.0,1.4285714285714286,50.0,Data Terlalu Sedikit
615,Paracetamol 500 mg Kaplet,TAB,33,4,107100.0,3245.4545454545455,100100.0,Layak Diprediksi
635,Ambroxol HCl 15 mg/5 ml Elixir Bernofarm,BTL,33,1,54.0,1.6363636363636365,54.0,Data Terlalu Sedikit
770,Flunarizine 10 mg Tab,BOX,33,1,2.0,0.06060606060606061,2.0,Data Terlalu Sedikit
775,Domperidone Maleate 10 mg TSS,BOX,35,1,2.0,0.05714285714285714,2.0,Data Terlalu Sedikit
775,Domperidone Maleate 10 mg TSS,TAB,34,1,28.0,0.8235294117647058,28.0,Data Terlalu Sedikit
7982101,HEALGEN 1/2 ONE STEP RAPID TEST CASSETTE BOX@25 PCS,BOX,33,1,12.0,0.36363636363636365,12.0,Data Terlalu Sedikit
7982201,HEALGEN HCV Rapid Test Cassette Box@25 pcs,BOX,33,1,2.0,0.06060606060606061,2.0,Data Terlalu Sedikit
7982501,HEALGEN HBSAG TEST CASSETTE BOX@25 PCS,BOX,33,1,12.0,0.36363636363636365,12.0,Data Terlalu Sedikit
926,Clindamycin HCl 300 mg Kapsul,BOX,33,1,1.0,0.030303030303030304,1.0,Data Terlalu Sedikit
AATC,ALAT AUTO CHECK,UNIT,33,1,12.0,0.36363636363636365,12.0,Data Terlalu Sedikit
AB,8M AMBULANCE BOAT FRP 8 METER 2x85 PK,UNIT,33,1,1.0,0.030303030303030304,1.0,Data Terlalu Sedikit
ABCTH16,Abbocath 16,PCS,33,1,100.0,3.0303030303030303,100.0,Data Terlalu Sedikit
ABNREGAL+,ABN Regal Plus Mobile Clock Aneroid Sphygmomanometer,UNIT,33,1,3.0,0.09090909090909091,3.0,Data Terlalu Sedikit
AC-S0.5,SHARP AC SHARP 0.5 PK,UNIT,33,1,1.0,0.030303030303030304,1.0,Data Terlalu Sedikit
AC-S1,SHARP AC SHARP 1 PK,UNIT,33,1,2.0,0.06060606060606061,2.0,Data Terlalu Sedikit
ACCTO,ADAPTOR TENSIMETER OMRON,PCS,33,1,4.0,0.12121212121212122,4.0,Data Terlalu Sedikit
ACETYL,Acetylcysteine 200 mg IPHA,BOX,33,2,2.0,0.06060606060606061,1.0,Data Terlalu Sedikit
ACETYLM,Acetylcysteine - Mulia,TAB,33,1,1000.0,30.303030303030305,1000.0,Data Terlalu Sedikit
ACT-H,Actifed Hijau,BTL,33,1,6.0,0.18181818181818182,6.0,Data Terlalu Sedikit
ACT-M,Actifed Merah,BTL,33,1,6.0,0.18181818181818182,6.0,Data Terlalu Sedikit
ACYLC,Acyclovir Cream - Berno,TUBE,33,1,250.0,7.575757575757576,250.0,Data Terlalu Sedikit
AEROSOL,AEROSOL ANTI NYAMUK,PCS,33,1,20.0,0.6060606060606061,20.0,Data Terlalu Sedikit
AG18T,Agani Needle No.18 - Terumo,BOX,33,1,20.0,0.6060606060606061,20.0,Data Terlalu Sedikit
AHWC-210,Disposable Single Heated Wire Breathing Circuit Adult AHWC-210,PCS,33,1,3.0,0.09090909090909091,3.0,Data Terlalu Sedikit
AII,SET AFF DAN INSERSI IUD,SET,33,1,1.0,0.030303030303030304,1.0,Data Terlalu Sedikit
AKHL,70% 1L ALKOHOL 70% 1 LITER,BTL,34,3,41.0,1.2058823529411764,28.0,Layak Diprediksi
AKHL,70% 5 ALKOHOL 70% 5 LITER,DRIGEN,35,1,7.0,0.2,7.0,Data Terlalu Sedikit
AKHL70%,ALKOHOL 70% 100 ML 100ML,BTL,33,2,552.0,16.727272727272727,480.0,Data Terlalu Sedikit
AKRL-3S,Akrilik Leaflet 3 Susun,PCS,33,1,1.0,0.030303030303030304,1.0,Data Terlalu Sedikit
AKURAT,Test ALAT TEST KEHAMILAN AKURAT,BOX,33,1,2.0,0.06060606060606061,2.0,Data Terlalu Sedikit
AKURAT-TEST,ALAT TEST KEHAMILAN AKURAT,BOX,33,1,92.0,2.787878787878788,92.0,Data Terlalu Sedikit
ALKGP,AlleMed ECG/EKG PAPER 210mm x 295mm x 100sheets,PCS,33,2,4.0,0.12121212121212122,2.0,Data Terlalu Sedikit
ALLO100T,ALLOPURINOL 100 MG TAB TRIMAN,TAB,33,1,500.0,15.151515151515152,500.0,Data Terlalu Sedikit
ALLOTAB,Allopurinol Tablet,BOX,33,1,1.0,0.030303030303030304,1.0,Data Terlalu Sedikit
ALLTR-TM,ALLETROL TM (24),BTL,33,1,4.0,0.12121212121212122,4.0,Data Terlalu Sedikit
ALPARA,Tab Alpara Tab,BOX,34,1,1.0,0.029411764705882353,1.0,Data Terlalu Sedikit
ALPARA,Tab Alpara Tab,TAB,35,1,1000.0,28.571428571428573,1000.0,Data Terlalu Sedikit
ALR-A0909C,ALARM THERMOMETER DR GRAY A909C,UNIT,33,1,1.0,0.030303030303030304,1.0,Data Terlalu Sedikit
ALTAUNP-60X90,Altamed Underpads 60x90cm,PAK,33,1,60.0,1.8181818181818181,60.0,Data Terlalu Sedikit
ALTMFP-6.5,SURGICAL GLOVE STERILE FREE POWDER 6.5 ALTAMED,PCS,33,1,195.0,5.909090909090909,195.0,Data Terlalu Sedikit
ALTMFP-7,SURGICAL GLOVE STERILE FREE POWDER 7 ALTAMED,PCS,33,1,1000.0,30.303030303030305,1000.0,Data Terlalu Sedikit
ALTMFP-7.5,SURGICAL GLOVE STERILE FREE POWDER 7.5 ALTAMED,PCS,33,1,1000.0,30.303030303030305,1000.0,Data Terlalu Sedikit
AMBRX30,Ambroxol HCl 30 mg/5 ml Elixir Bernofarm,BTL,33,2,33.0,1.0,30.0,Data Terlalu Sedikit
AMBTAB,Ambroxol Tab Bernofarm,BOX,34,2,52.0,1.5294117647058822,50.0,Data Terlalu Sedikit
AMBTAB,Ambroxol Tab Bernofarm,TAB,35,1,10000.0,285.7142857142857,10000.0,Data Terlalu Sedikit
AMBU-A,AMBUBAG ANAK,UNIT,33,1,4.0,0.12121212121212122,4.0,Data Terlalu Sedikit
AMBU-D,AMBUBAG DEWASA,UNIT,33,1,4.0,0.12121212121212122,4.0,Data Terlalu Sedikit
AMBX30,Ambroxol 30mg Tab - Trifa,BOX,33,1,2.0,0.06060606060606061,2.0,Data Terlalu Sedikit
AMD,10mg Amlodipine 10mg,BOX,35,2,51.0,1.457142857142857,50.0,Data Terlalu Sedikit
AMD,10mg Amlodipine 10mg,TAB,35,2,5500.0,157.14285714285714,5000.0,Data Terlalu Sedikit
AMD,5mg Amlodipine 5mg,BOX,35,3,32.0,0.9142857142857143,30.0,Layak Diprediksi
AMD,5mg Amlodipine 5mg,TAB,36,1,1500.0,41.666666666666664,1500.0,Data Terlalu Sedikit
AMIPHL200,Aminophylline 200 mg Tab,TAB,33,1,2000.0,60.60606060606061,2000.0,Data Terlalu Sedikit
AMIPHL24-INJ,AMINOPHYLINE 24 MG/ML INJEKSI,AMPUL,33,1,25.0,0.7575757575757576,25.0,Data Terlalu Sedikit
AML5T,AMLODIPHINE 5 MG TRIFA,TAB,33,1,500.0,15.151515151515152,500.0,Data Terlalu Sedikit
AMPCL,- Inj Ampicillin Inj,AMPUL,35,1,60.0,1.7142857142857142,60.0,Data Terlalu Sedikit
AMPCL,- Inj Ampicillin Inj,BOX,34,1,10.0,0.29411764705882354,10.0,Data Terlalu Sedikit
AMPCL-INJ,Ampicillin Inj,VIAL,33,1,100.0,3.0303030303030303,100.0,Data Terlalu Sedikit
AMXD,Amoxsan Drop,BTL,33,1,6.0,0.18181818181818182,6.0,Data Terlalu Sedikit
AMXTAB-ETTA,Amoxicillin 500mg Tab Etta,TAB,33,1,1100.0,33.333333333333336,1100.0,Data Terlalu Sedikit
ANAB60ML,ANABION 60 ML,BTL,33,1,50.0,1.5151515151515151,50.0,Data Terlalu Sedikit
ANTADO,Antasida Doen,BOX,33,1,2.0,0.06060606060606061,2.0,Data Terlalu Sedikit
ANTAST,Antasida Tab - Triman,BOX,34,2,32.0,0.9411764705882353,30.0,Data Terlalu Sedikit
ANTAST,Antasida Tab - Triman,TAB,35,1,100.0,2.857142857142857,100.0,Data Terlalu Sedikit
ANTASY,Antasida Syrup Mersi,BTL,33,1,6.0,0.18181818181818182,6.0,Data Terlalu Sedikit
ANTI,A ANTI A MONOCHLONAL,BTL,35,1,2.0,0.05714285714285714,2.0,Data Terlalu Sedikit
ANTI,AB ANTI AB MONOCHLONAL,BTL,35,1,2.0,0.05714285714285714,2.0,Data Terlalu Sedikit
ANTI,B ANTI B MONOCHLONAL,BTL,35,1,2.0,0.05714285714285714,2.0,Data Terlalu Sedikit
ANTI,D ANTI D MONOCHLONAL,BTL,36,1,2.0,0.05555555555555555,2.0,Data Terlalu Sedikit
ARI,TIMER RESPIRATORY RATE TIMER,UNIT,33,1,1.0,0.030303030303030304,1.0,Data Terlalu Sedikit
AS,20L AIR SULING 20 LITER,JERIGEN,35,2,21.0,0.6,20.0,Data Terlalu Sedikit
AS,ALKOHOL SWAB,BOX,34,4,490.0,14.411764705882353,250.0,Layak Diprediksi
ASMEF,Tab Asmef Tab,BOX,33,1,2.0,0.06060606060606061,2.0,Data Terlalu Sedikit
ASMEF500ERR,MEFENAMIC ACID ERRITA T,TAB,33,1,500.0,15.151515151515152,500.0,Data Terlalu Sedikit
ASO,ALKOHOL SWAB ONEMED,BOX,33,2,260.0,7.878787878787879,140.0,Data Terlalu Sedikit
ASS,ALKOHOL SWAB SENSI,BOX,33,1,120.0,3.6363636363636362,120.0,Data Terlalu Sedikit
AST4,Asthin 4 mg,BOX,33,1,1.0,0.030303030303030304,1.0,Data Terlalu Sedikit
ASTAB100,Aspilet Tab 100 mg,TAB,33,1,1000.0,30.303030303030305,1000.0,Data Terlalu Sedikit
ASTAB80,ASPILET TAB 80 MG,BOX,33,1,25.0,0.7575757575757576,25.0,Data Terlalu Sedikit
ASWAG30,Ashwagandha+ 30 Kapsul,BTL,33,1,4.0,0.12121212121212122,4.0,Data Terlalu Sedikit
ASWAG60,Ashwagandha+ 60 Kapsul,BTL,33,5,49.0,1.4848484848484849,15.0,Layak Diprediksi
ATM,PF M ALTAMED GLOVE PF SIZE M,BOX,34,1,30.0,0.8823529411764706,30.0,Data Terlalu Sedikit
ATM,PF S ALTAMED GLOVE PF SIZE S,BOX,35,1,20.0,0.5714285714285714,20.0,Data Terlalu Sedikit
ATM-RTA,ALTAMED COVID-19 RAPID TEST KIT ANTIGEN @25 PCS,BOX,33,7,108.0,3.272727272727273,25.0,Layak Diprediksi
ATRAX100-INJ,Asam Tranexamat 100mg/ml Inj,AMPUL,33,1,250.0,7.575757575757576,250.0,Data Terlalu Sedikit
ATRAX250-INJ,Asam Tranexamat 250mg/ml Inj - Berno Berno,AMPUL,33,2,168.0,5.090909090909091,100.0,Data Terlalu Sedikit
ATRAX500-TAB,Asam Tranexamat 500mg Tab - Berno Berno,BOX,34,1,15.0,0.4411764705882353,15.0,Data Terlalu Sedikit
ATRAX500-TAB,Asam Tranexamat 500mg Tab - Berno Berno,TAB,35,1,3050.0,87.14285714285714,3050.0,Data Terlalu Sedikit
ATROINJ,Atropin Inj,AMPUL,33,1,10.0,0.30303030303030304,10.0,Data Terlalu Sedikit
ATRV20,Atorvastatin 20 mg Dexa,TAB,33,1,1000.0,30.303030303030305,1000.0,Data Terlalu Sedikit
ATTAPULG,Attapulgite,TAB,33,1,500.0,15.151515151515152,500.0,Data Terlalu Sedikit
AU-GCU,Autocheck 3 in 1,UNIT,33,1,1.0,0.030303030303030304,1.0,Data Terlalu Sedikit
AUTOSCOPE,AUTOSCOPE,UNIT,33,2,3.0,0.09090909090909091,2.0,Data Terlalu Sedikit
AXIOO,AXIOO MYBOOK PRO L1 (8N5) MYBOOK,UNIT,33,1,2.0,0.06060606060606061,2.0,Data Terlalu Sedikit
AZITY500,Azitromycin 500 mg,BOX,33,1,1.0,0.030303030303030304,1.0,Data Terlalu Sedikit
AZITYS200,Azitromycin Syrup 200mg/5ml Bernofarm,BTL,33,1,15.0,0.45454545454545453,15.0,Data Terlalu Sedikit
B-10,BISTURI NO 10 BBRAUN,BOX,33,1,10.0,0.30303030303030304,10.0,Data Terlalu Sedikit
BBB,BOX BAYI BESI,UNIT,33,1,10.0,0.30303030303030304,10.0,Data Terlalu Sedikit
BBN3375,"Benang Bedah Nylon ukuran 3/0, 30 mm, 75 cm",PCS,33,1,1.0,0.030303030303030304,1.0,Data Terlalu Sedikit
BC,2 BED 2 CRANK MANUAL,UNIT,33,1,56.0,1.696969696969697,56.0,Data Terlalu Sedikit
BC-02,BENANG CROMIC 2/0,PCS,33,1,36.0,1.0909090909090908,36.0,Data Terlalu Sedikit
BC105,BINDER CLIP 105,BOX,33,1,36.0,1.0909090909090908,36.0,Data Terlalu Sedikit
BC107,BINDER CLIP 107,BOX,33,1,36.0,1.0909090909090908,36.0,Data Terlalu Sedikit
BC111,BINDER CLIP 111,BOX,33,1,36.0,1.0909090909090908,36.0,Data Terlalu Sedikit
BCM,3 BED 3 CRANK MANUAL,UNIT,33,1,5.0,0.15151515151515152,5.0,Data Terlalu Sedikit
BDC,BED DECUBITUS,UNIT,33,1,1.0,0.030303030303030304,1.0,Data Terlalu Sedikit
BDH,SET BEDAH,SET,33,1,1.0,0.030303030303030304,1.0,Data Terlalu Sedikit
BE,BUKU EKSPEDISI,BUAH,33,1,5.0,0.15151515151515152,5.0,Data Terlalu Sedikit
BESMG,Besanmag Tab,TAB,33,1,1000.0,30.303030303030305,1000.0,Data Terlalu Sedikit
BETHAS5-C,Betamethasone 5mg Cream - Berno,BOX,33,1,1.0,0.030303030303030304,1.0,Data Terlalu Sedikit
BFB,BUKU FOLIO BESAR,BUAH,33,1,5.0,0.15151515151515152,5.0,Data Terlalu Sedikit
BFK,BUKU FOLIO KECIL @100 LEMBAR,BUAH,33,1,10.0,0.30303030303030304,10.0,Data Terlalu Sedikit
BIG,Gauze - Kasa Big Gauze X Ray 30 x 30 XR30,PAK,34,1,7.0,0.20588235294117646,7.0,Data Terlalu Sedikit
BIG,Gauze - Kasa Big Gauze X Ray 40 x 40 XR40,PAK,35,1,1.0,0.02857142857142857,1.0,Data Terlalu Sedikit
BIOPLC-15,Bioplacenton 15 gr,TUBE,33,1,2.0,0.06060606060606061,2.0,Data Terlalu Sedikit
BIPLS,Bioplasenton,BOX,33,1,3.0,0.09090909090909091,3.0,Data Terlalu Sedikit
BISPRO2.5,Bisoprolol Tab 2.5mg Bernofarm,TAB,33,3,4100.0,124.24242424242425,3000.0,Layak Diprediksi
BKT-38,BUKU TULIS IS 38 LEMBAR,PAK,33,1,2.0,0.06060606060606061,2.0,Data Terlalu Sedikit
BLINK,500 PRO SARAMONIC BLINK 500 PRO X Q20 DUAL- X Q20 CHANNEL WIRELESS,UNIT,33,1,1.0,0.030303030303030304,1.0,Data Terlalu Sedikit
BMHP,Gaun Operasi Disposable,PCS,33,1,160.0,4.848484848484849,160.0,Data Terlalu Sedikit
BNGMON-2,Benang Monosyn Uk 2,PCS,33,1,19.0,0.5757575757575758,19.0,Data Terlalu Sedikit
BNSN5,BENOSON N 5GR,TUBE,33,1,3.0,0.09090909090909091,3.0,Data Terlalu Sedikit
BOK,BIAYA ONGKOS KIRIM,SET,33,1,4.0,0.12121212121212122,4.0,Data Terlalu Sedikit
BOPM,BED OPERASI MANUAL,UNIT,33,1,2.0,0.06060606060606061,2.0,Data Terlalu Sedikit
BPGA,Benang PGA T-Vio Polyglycolide Uk 2,PCS,33,1,76.0,2.303030303030303,76.0,Data Terlalu Sedikit
BPGAPA,Benang PGA Polyglycolic Acid Uk 0,PCS,33,1,76.0,2.303030303030303,76.0,Data Terlalu Sedikit
BPGB,BALLPOINT GEL INK BIRU,PAK,33,1,2.0,0.06060606060606061,2.0,Data Terlalu Sedikit
BPMX,Ball Point Pen Maxxis,PAK,33,2,45.0,1.3636363636363635,40.0,Data Terlalu Sedikit
BPSJ-PSBP177,BALL PEN STAND JOYKO PSBP-177,BUAH,33,1,8.0,0.24242424242424243,8.0,Data Terlalu Sedikit
BRAXD,Braxidine Tab,TAB,33,1,500.0,15.151515151515152,500.0,Data Terlalu Sedikit
BS,120 DISPOSIBLE CUVETTES BS 120 (250 CUVETTE@5SEGMENT),BOX,34,1,1.0,0.029411764705882353,1.0,Data Terlalu Sedikit
BS,BLOOD SET,BOX,35,1,6.0,0.17142857142857143,6.0,Data Terlalu Sedikit
BSB,Bisturi Surgical Blades NO 20 Chrona,BOX,33,1,3.0,0.09090909090909091,3.0,Data Terlalu Sedikit
BSC,BED SIDE CABINET,UNIT,33,1,61.0,1.8484848484848484,61.0,Data Terlalu Sedikit
BSF,Bantal Silicone Fina,BUAH,33,1,4.0,0.12121212121212122,4.0,Data Terlalu Sedikit
BSTL-C11,BESTOOL TRIPOD BLUETOOTH SELFIE STICK REMOTE,UNIT,33,1,1.0,0.030303030303030304,1.0,Data Terlalu Sedikit
BTD-5,Betadine 5ml,BTL,33,1,85.0,2.5757575757575757,85.0,Data Terlalu Sedikit
BTFS-001,BLOOD TRANSFUSION SET,PCS,33,1,100.0,3.0303030303030303,100.0,Data Terlalu Sedikit
BTHS-6D,BETAHISTINE 6MG TAB DEXA,BOX,33,1,1.0,0.030303030303030304,1.0,Data Terlalu Sedikit
BTHS6,Betahistine 6mg Tab,BOX,35,1,9.0,0.2571428571428571,9.0,Data Terlalu Sedikit
BTHS6,Betahistine 6mg Tab,TAB,34,1,1000.0,29.41176470588235,1000.0,Data Terlalu Sedikit
BVR-1,Benang Vicryl Uk 1,PCS,33,1,19.0,0.5757575757575758,19.0,Data Terlalu Sedikit
BYG-C,BAYGON COLOK,PCS,33,1,20.0,0.6060606060606061,20.0,Data Terlalu Sedikit
BYG-S,BAYGON SPRAY 600 ML,PCS,33,1,10.0,0.30303030303030304,10.0,Data Terlalu Sedikit
CAN-NEO,FISHER & PAYKEL HEALTHCARE Optiflow Junior Nasal Cannula - Neonatal,PCS,33,1,1.0,0.030303030303030304,1.0,Data Terlalu Sedikit
CANDS16,Candesartan 16mg Tab,BOX,35,1,30.0,0.8571428571428571,30.0,Data Terlalu Sedikit
CANDS16,Candesartan 16mg Tab,TAB,34,2,8000.0,235.2941176470588,6000.0,Data Terlalu Sedikit
CANDS8,Candesartan 8mg Tab,BOX,35,1,15.0,0.42857142857142855,15.0,Data Terlalu Sedikit
CANDS8,Candesartan 8mg Tab,TAB,34,2,7000.0,205.88235294117646,6000.0,Data Terlalu Sedikit
CAPT25,Captopril 25 mg Tab,BOX,33,1,1.0,0.030303030303030304,1.0,Data Terlalu Sedikit
CAPT50,Captopril 50mg,TAB,33,1,500.0,15.151515151515152,500.0,Data Terlalu Sedikit
CARDI5,Cardisan 5mg Tablet,BOX,33,1,1.0,0.030303030303030304,1.0,Data Terlalu Sedikit
CB10,CONTAINER BOX - CB10,BUAH,33,1,2.0,0.06060606060606061,2.0,Data Terlalu Sedikit
CB60,CONTAINER BOX - CB 60,BUAH,33,1,1.0,0.030303030303030304,1.0,Data Terlalu Sedikit
CCSYX,"REAGEN EIGHT CHECK CONTROL SYSMEX 3X1,5ML",BTL,33,1,1.0,0.030303030303030304,1.0,Data Terlalu Sedikit
CCTV6,CCTV 6 CHANNEL,UNIT,33,1,1.0,0.030303030303030304,1.0,Data Terlalu Sedikit
CDS,COLD STORAGE,UNIT,33,1,1.0,0.030303030303030304,1.0,Data Terlalu Sedikit
CEFADS250,Cefadroxil Monohydrate 250mg/5ml Sirup Kering Bernofarm,BTL,33,1,30.0,0.9090909090909091,30.0,Data Terlalu Sedikit
CEFIX100,Cefixime Trihydrate 100mg Tss Bernofarm,BOX,34,3,19.0,0.5588235294117647,15.0,Layak Diprediksi
CEFIX100,Cefixime Trihydrate 100mg Tss Bernofarm,TAB,35,2,2500.0,71.42857142857143,2000.0,Data Terlalu Sedikit
CEFIXDS-IFR,Cefixime Dry Syr - Ifars,BTL,33,2,56.0,1.696969696969697,50.0,Data Terlalu Sedikit
CEFO1INJ,Cefotaxime 1gr Serb Inj,AMPUL,35,1,100.0,2.857142857142857,100.0,Data Terlalu Sedikit
CEFO1INJ,Cefotaxime 1gr Serb Inj,BOX,34,1,50.0,1.4705882352941178,50.0,Data Terlalu Sedikit
CEFRXO-INJ,Ceftriaxone Inj - Bernofarm,AMPUL,34,1,100.0,2.9411764705882355,100.0,Data Terlalu Sedikit
CEFRXO-INJ,Ceftriaxone Inj - Bernofarm,BOX,35,1,100.0,2.857142857142857,100.0,Data Terlalu Sedikit
CEFTX-INJ,Ceftizoxime Inj,VIAL,33,1,25.0,0.7575757575757576,25.0,Data Terlalu Sedikit
CEFXTR200,CEFIXIME 200MG KAPSUL BERNOFARM,BOX,35,2,101.0,2.8857142857142857,100.0,Data Terlalu Sedikit
CEFXTR200,CEFIXIME 200MG KAPSUL BERNOFARM,TAB,34,2,2100.0,61.76470588235294,1500.0,Data Terlalu Sedikit
CEFZN1-INJ,Cefazolin Inj 1gr,AMPUL,33,1,20.0,0.6060606060606061,20.0,Data Terlalu Sedikit
CERV,CERNEVIT,AMPUL,33,1,10.0,0.30303030303030304,10.0,Data Terlalu Sedikit
CETI,Tab Cetirizine Tab,BOX,34,1,2.0,0.058823529411764705,2.0,Data Terlalu Sedikit
CETI,Tab-E Cetirizine Tab Errita,BOX,35,1,120.0,3.4285714285714284,120.0,Data Terlalu Sedikit
CF17A,TONER HP LASER JET 17A,BUAH,33,1,1.0,0.030303030303030304,1.0,Data Terlalu Sedikit
CF283A,TONER HP LASER JET 83A,BUAH,33,1,2.0,0.06060606060606061,2.0,Data Terlalu Sedikit
CG24,Cover Glass 24x44,BOX,33,1,2.0,0.06060606060606061,2.0,Data Terlalu Sedikit
CIFLX,Tab CIPROFLOXACIN TAB,BOX,34,3,15.0,0.4411764705882353,12.0,Layak Diprediksi
CIFLX,Tab CIPROFLOXACIN TAB,TAB,35,2,1804.0,51.542857142857144,1000.0,Data Terlalu Sedikit
CILOST100,Cilostazole 100mg Tab Bernofarm,TAB,33,1,200.0,6.0606060606060606,200.0,Data Terlalu Sedikit
CITCL1000,Citicoline 1000mg Tab Bernofarm,BOX,33,1,5.0,0.15151515151515152,5.0,Data Terlalu Sedikit
CITCL250,Inj Citicoline 250mg/2ml Inj Bernofarm,AMPUL,35,1,50.0,1.4285714285714286,50.0,Data Terlalu Sedikit
CITCL250,Inj Citicoline 250mg/2ml Inj Bernofarm,BOX,34,1,15.0,0.4411764705882353,15.0,Data Terlalu Sedikit
CITCL500,Citicoline 500mg Tab Bernofarm,TAB,33,1,1200.0,36.36363636363637,1200.0,Data Terlalu Sedikit
CITJC,"CITOJECT SYRINGE 1,8ml",BOX,33,1,1.0,0.030303030303030304,1.0,Data Terlalu Sedikit
CLBTSOL10,CLOBETASOL PROPIONATE 10GR,TUBE,33,1,3.0,0.09090909090909091,3.0,Data Terlalu Sedikit
CLINDYCM300,Clindamycin HCl 300 mg Kapsul - Mersi,TAB,33,1,1100.0,33.333333333333336,1100.0,Data Terlalu Sedikit
CLPG75,Clopidogrel 75mg Tab - Berno,TAB,33,2,10000.0,303.030303030303,9000.0,Data Terlalu Sedikit
COMBANT50,Combantrin 125,BOX,33,1,10.0,0.30303030303030304,10.0,Data Terlalu Sedikit
COMJER,Combantrin Jeruk,BTL,33,1,10.0,0.30303030303030304,10.0,Data Terlalu Sedikit
COTRMX-TABMER,Cotrimoxazole Tab (Mersi),TAB,33,1,652.0,19.757575757575758,652.0,Data Terlalu Sedikit
COUNTER15,COUNTERPAIN COOL 15 GR,PCS,33,1,20.0,0.6060606060606061,20.0,Data Terlalu Sedikit
CPS-001,CELL PACK SYSMEX 20L,BTL,33,1,1.0,0.030303030303030304,1.0,Data Terlalu Sedikit
CRMD10%,Carmed 10%,TUBE,33,1,30.0,0.9090909090909091,30.0,Data Terlalu Sedikit
CRPL,CURRATAGE PLACENTA,SET,33,1,1.0,0.030303030303030304,1.0,Data Terlalu Sedikit
CRS,CURRATAGE SET,SET,33,1,2.0,0.06060606060606061,2.0,Data Terlalu Sedikit
CS,COTTON SWAB,PAK,33,1,3.0,0.09090909090909091,3.0,Data Terlalu Sedikit
CT,CORRECTION TAPE,BUAH,33,1,24.0,0.7272727272727273,24.0,Data Terlalu Sedikit
CT004,CENTRIFUGE TUBE 15 ML,PAK,33,1,5.0,0.15151515151515152,5.0,Data Terlalu Sedikit
CTR,COUTER DOCTANZ 80 WATT,UNIT,33,1,1.0,0.030303030303030304,1.0,Data Terlalu Sedikit
CUPB,Disposable Cup Blue @50 pcs (Gelas Kumur),PAK,33,1,40.0,1.2121212121212122,40.0,Data Terlalu Sedikit
CVG-0045,COVER GLASS,BOX,33,1,6.0,0.18181818181818182,6.0,Data Terlalu Sedikit
CVPLX-T,Caviplex Tab,BOX,34,1,10.0,0.29411764705882354,10.0,Data Terlalu Sedikit
CVPLX-T,Caviplex Tab,TAB,35,1,1000.0,28.571428571428573,1000.0,Data Terlalu Sedikit
D5%,Cairan Dextrose 5%,BTL,33,1,68.0,2.0606060606060606,68.0,Data Terlalu Sedikit
DACYC1033T00,Acyclovir 400 mg Tablet 2,BOX,33,1,1.0,0.030303030303030304,1.0,Data Terlalu Sedikit
DAMOX1032L00,Amoxicillin Sirup 125 mg/60ml 2,BTL,33,2,35.0,1.0606060606060606,30.0,Data Terlalu Sedikit
DBT,DOUBLE TAPE,ROL,33,1,3.0,0.09090909090909091,3.0,Data Terlalu Sedikit
DCAPT1007T00,"CAPTOPRILl 12,5 MG TAB 5",BOX,34,1,2.0,0.058823529411764705,2.0,Data Terlalu Sedikit
DCAPT1007T00,"CAPTOPRILl 12,5 MG TAB 5",TAB,35,1,500.0,14.285714285714286,500.0,Data Terlalu Sedikit
DCTZ-400,ELECTRO SURGICAL COUTER DOCTANZ 400W,UNIT,33,1,1.0,0.030303030303030304,1.0,Data Terlalu Sedikit
DEGIROL100,Degirol tab,TAB,33,1,1500.0,45.45454545454545,1500.0,Data Terlalu Sedikit
DELTA,ANTI A MONOCHLONAL DELTA GOLDAR A,BOX,35,1,1.0,0.02857142857142857,1.0,Data Terlalu Sedikit
DELTA,ANTI AB MONOCHLONAL DELTA GOLDAR AB,BOX,35,1,1.0,0.02857142857142857,1.0,Data Terlalu Sedikit
DELTA,ANTI B MONOCHLONAL DELTA GOLDAR B,BOX,35,1,1.0,0.02857142857142857,1.0,Data Terlalu Sedikit
DELTA,ANTI D MONOCHLONAL DELTA GOLDAR D,BOX,36,1,1.0,0.027777777777777776,1.0,Data Terlalu Sedikit
DETER,SABUN DETERGEN BUBUK,PCS,33,1,20.0,0.6060606060606061,20.0,Data Terlalu Sedikit
DETER2,Sabun Detergen Bubuk 2 Kg,BUAH,33,1,3.0,0.09090909090909091,3.0,Data Terlalu Sedikit
DEXAME5,- Inj Dexamethasone 5mg/1ml - Berno Brn,BOX,33,2,12.0,0.36363636363636365,10.0,Data Terlalu Sedikit
DEXAME5-INJ,Dexamethasone 5mg/1ml,AMPUL,33,1,1000.0,30.303030303030305,1000.0,Data Terlalu Sedikit
DEXAMETHMUL,Dexametasone 0.5 '200tab,BOX,34,3,13.0,0.38235294117647056,10.0,Layak Diprediksi
DEXAMETHMUL,Dexametasone 0.5 '200tab,TAB,35,2,10000.0,285.7142857142857,9000.0,Data Terlalu Sedikit
DEXG5,Dexigen 5mg,TUBE,33,1,400.0,12.121212121212121,400.0,Data Terlalu Sedikit
DEXKTP,Dexketoprofen Tab,TAB,33,1,100.0,3.0303030303030303,100.0,Data Terlalu Sedikit
DEXKTPT,Dexketoprofen Tab,TAB,33,1,500.0,15.151515151515152,500.0,Data Terlalu Sedikit
DIATAB,DIATABS TAB,TAB,33,1,200.0,6.0606060606060606,200.0,Data Terlalu Sedikit
DIPHDR10,- Inj Diphenhydramin Hcl 10mg Inj,AMPUL,33,1,200.0,6.0606060606060606,200.0,Data Terlalu Sedikit
DIPHDR10-INJ,Diphenhydramin Hcl 10mg Inj,AMPUL,33,1,500.0,15.151515151515152,500.0,Data Terlalu Sedikit
DIS,CLEAN ALKAZYME ENZYMATIC ALKALINE DISINFECTANT CLEANER,PAK,33,1,2.0,0.06060606060606061,2.0,Data Terlalu Sedikit
DIVN40,DIOVAN 40MG,BOX,33,1,1.0,0.030303030303030304,1.0,Data Terlalu Sedikit
DKETO1028T00,Ketoconazole 200 mg Tab 1,BOX,33,2,2.0,0.06060606060606061,1.0,Data Terlalu Sedikit
DLUT,DILUENT,DUS,33,1,2.0,0.06060606060606061,2.0,Data Terlalu Sedikit
DMETF1033T00,Metformin 500mg Tab@200's (HJ) 1,BOX,34,1,10.0,0.29411764705882354,10.0,Data Terlalu Sedikit
DMETF1033T00,Metformin 500mg Tab@200's (HJ) 1,TAB,35,1,1000.0,28.571428571428573,1000.0,Data Terlalu Sedikit
DNIFE1028T005,Nifedipine 10 mg Tab,BOX,34,1,3.0,0.08823529411764706,3.0,Data Terlalu Sedikit
DNIFE1028T005,Nifedipine 10 mg Tab,TAB,35,1,1400.0,40.0,1400.0,Data Terlalu Sedikit
DOMEP1013K0,Omeprazole 20 mg Kaps 01,BOX,33,1,3.0,0.09090909090909091,3.0,Data Terlalu Sedikit
DOMPS,Domperidone 5mg/5ml Syr Bernofarm,BTL,33,3,71.0,2.1515151515151514,35.0,Layak Diprediksi
DOMPSYRPER,Domperidone Syrup Ermplex YM,BTL,33,1,50.0,1.5151515151515151,50.0,Data Terlalu Sedikit
DOMPT,Domperidone Tab,BOX,33,1,1.0,0.030303030303030304,1.0,Data Terlalu Sedikit
DOMPT-TRIMAN,Domperidon Tab - Triman,TAB,33,1,500.0,15.151515151515152,500.0,Data Terlalu Sedikit
DOPM-INJ,DOPAMIN INJEKSI,AMPUL,33,1,50.0,1.5151515151515151,50.0,Data Terlalu Sedikit
DOTM50,- Inj DOBUTAMINE 50MG INJ,AMPUL,33,2,80.0,2.4242424242424243,50.0,Data Terlalu Sedikit
DPM250,Dopamet 250mg,TAB,33,1,400.0,12.121212121212121,400.0,Data Terlalu Sedikit
DRYNTS,Daryan-Tulle Sterile,PCS,33,1,10.0,0.30303030303030304,10.0,Data Terlalu Sedikit
DSCOP1003T07,SCOPMA TAB 9,BOX,33,2,2.0,0.06060606060606061,1.0,Data Terlalu Sedikit
DSS,DISPENSER SOLATIPE SEDANG,BUAH,33,1,2.0,0.06060606060606061,2.0,Data Terlalu Sedikit
DULCLT,DULCOLAX TAB,TAB,33,1,80.0,2.4242424242424243,80.0,Data Terlalu Sedikit
DULCOL,DULCOLAX 5 MG SUPP,SUPP,33,1,20.0,0.6060606060606061,20.0,Data Terlalu Sedikit
DXTMP,DEXTEEM PLUS,BOX,33,1,1.0,0.030303030303030304,1.0,Data Terlalu Sedikit
EDTA-K3,MONOTES Vacuum Tube EDTA K3 PET Tube 3ML (13X75MM) Purple,BOX,33,2,6.0,0.18181818181818182,3.0,Data Terlalu Sedikit
EGT,EMERGENCY TROLLEY,UNIT,33,3,3.0,0.09090909090909091,1.0,Data Terlalu Sedikit
EL,RC-5+ ELITECH RC-5+ PDF TEMPERATURE DATA LOGGER,UNIT,33,1,1.0,0.030303030303030304,1.0,Data Terlalu Sedikit
ELABD4,"ELASTIS BANDAGE 4inc (10cm x 4,5m)",BOX,33,1,8.0,0.24242424242424243,8.0,Data Terlalu Sedikit
EMBER30,EMBER PLASTIK 30 LITER,PCS,33,1,10.0,0.30303030303030304,10.0,Data Terlalu Sedikit
ENABTICR,ENBATIK CREAM,TUBE,33,1,20.0,0.6060606060606061,20.0,Data Terlalu Sedikit
EPER50,Eperison HCL 50mg Tab,BOX,33,1,20.0,0.6060606060606061,20.0,Data Terlalu Sedikit
EPH-INJ,Ephedrin Injeksi,AMPUL,33,1,19.0,0.5757575757575758,19.0,Data Terlalu Sedikit
EPINEPINJ,Ephineprin Inj,BOX,33,1,10.0,0.30303030303030304,10.0,Data Terlalu Sedikit
EPSN-L121,PRINTER EPSON L121,UNIT,33,2,6.0,0.18181818181818182,3.0,Data Terlalu Sedikit
EPSN-L3210,PRINTER EPSON L3210,UNIT,33,1,2.0,0.06060606060606061,2.0,Data Terlalu Sedikit
ERDOS,Erdosteine 175 mg/5ml Syrup Kering Bernofarm,BTL,33,1,40.0,1.2121212121212122,40.0,Data Terlalu Sedikit
ERIC10,Ericaf 10mg Tab,TAB,33,1,600.0,18.181818181818183,600.0,Data Terlalu Sedikit
ERLAM-SALEP,Erlamycetin Salep Mata Steril Mata,TUBE,33,2,8.0,0.24242424242424243,5.0,Data Terlalu Sedikit
ERLAM-TETES,Erlamycetin Tetes Mata Mata,BTL,33,2,8.0,0.24242424242424243,5.0,Data Terlalu Sedikit
ERLATTSTG,Erlamycetin Tetes Telinga,BTL,33,2,23.0,0.696969696969697,20.0,Data Terlalu Sedikit
ETORC60,Etoricoxib 60mg Nulab,TAB,33,1,300.0,9.090909090909092,300.0,Data Terlalu Sedikit
FARI60ML,FARIZOL 60 ML,BTL,33,1,50.0,1.5151515151515151,50.0,Data Terlalu Sedikit
FC16,FOLEY CHATETER NO 16,PCS,33,1,90.0,2.727272727272727,90.0,Data Terlalu Sedikit
FC18,FOLEY CHATETER NO 18,PCS,33,1,120.0,3.6363636363636362,120.0,Data Terlalu Sedikit
FCGT,FRESH CARE GREEN TEA,PCS,33,1,24.0,0.7272727272727273,24.0,Data Terlalu Sedikit
FCL,FRESH CARE LAVENDER,PCS,33,1,48.0,1.4545454545454546,48.0,Data Terlalu Sedikit
FCL-LV5L,FLOOR CLEANER LAVENDER 5L,DRIGEN,33,1,14.0,0.42424242424242425,14.0,Data Terlalu Sedikit
FCQ-AG,FastClear Q Covid-19 Ag Nasal,BOX,33,1,34.0,1.0303030303030303,34.0,Data Terlalu Sedikit
FCSF,FRESH CARE SPLASH FRUITY,PCS,33,1,24.0,0.7272727272727273,24.0,Data Terlalu Sedikit
FCSMH,FRESH CARE SMASH,PCS,33,1,120.0,3.6363636363636362,120.0,Data Terlalu Sedikit
FD-AD51D,FETAL DOPPLER ONEHEALTH,UNIT,33,2,2.0,0.06060606060606061,1.0,Data Terlalu Sedikit
FD-BF600,FETAL DOPPLER BESTMAN BF600+,UNIT,33,1,1.0,0.030303030303030304,1.0,Data Terlalu Sedikit
FLC1,Folic Acid 1mg Box 10 Stp@10 Tab (Triman),BOX,33,1,200.0,6.0606060606060606,200.0,Data Terlalu Sedikit
FLC5,Folic Acid 5mg Box 10 Stp@10 Kap (DIPA),BOX,33,1,2.0,0.06060606060606061,2.0,Data Terlalu Sedikit
FLUCADEXSYR,FLUCADEX 60 ML UP,BTL,33,1,24.0,0.7272727272727273,24.0,Data Terlalu Sedikit
FLUNZ5,Flunarizine 5 mg Tab,BOX,33,1,7.0,0.21212121212121213,7.0,Data Terlalu Sedikit
FOLICACID400,FOLIC ACID 400 MCG,TAB,33,1,100.0,3.0303030303030303,100.0,Data Terlalu Sedikit
FOMILG,FOLAMIL GENIO,BOX,33,1,12.0,0.36363636363636365,12.0,Data Terlalu Sedikit
FRBI,Farbivent Inj,AMPUL,33,1,30.0,0.9090909090909091,30.0,Data Terlalu Sedikit
FRZ-M,"Feroze Latex Free Powder ""M""",BOX,33,1,300.0,9.090909090909092,300.0,Data Terlalu Sedikit
FRZT-SENSI,FREEZE TAG SUHU SENSITECH,UNIT,33,1,1.0,0.030303030303030304,1.0,Data Terlalu Sedikit
FT2-20,"FILTER TIPS 2-20µl STERILE, 10 RAKS OF 96 TIP",BOX,33,1,1.0,0.030303030303030304,1.0,Data Terlalu Sedikit
FT2-200,"FILTER TIPS 2-200µl STERILE, 10 RAKS OF 96 TIPS",BOX,33,1,1.0,0.030303030303030304,1.0,Data Terlalu Sedikit
FUROS-INJ,Furosemid Injeksi,AMPUL,33,1,60.0,1.8181818181818181,60.0,Data Terlalu Sedikit
FUROS-TAB,Furosemid Tab,TAB,33,1,1000.0,30.303030303030305,1000.0,Data Terlalu Sedikit
G-USG250,GEL USG 250 ML,BTL,33,1,10.0,0.30303030303030304,10.0,Data Terlalu Sedikit
GAYUNG,GAYUNG,PCS,33,1,13.0,0.3939393939393939,13.0,Data Terlalu Sedikit
GBP300,GABAPENTIN 300 MG,BOX,34,1,50.0,1.4705882352941178,50.0,Data Terlalu Sedikit
GBP300,GABAPENTIN 300 MG,TAB,35,1,600.0,17.142857142857142,600.0,Data Terlalu Sedikit
GBPD300,Gabapentin 300 mg - Dexa,TAB,33,2,1370.0,41.515151515151516,870.0,Data Terlalu Sedikit
GBUS,GEMBOK UK SEDANG,BUAH,33,1,4.0,0.12121212121212122,4.0,Data Terlalu Sedikit
GCHB-001,HEMOGLOBIN TEST METER EASY TOUCH,UNIT,33,1,2.0,0.06060606060606061,2.0,Data Terlalu Sedikit
GCL-5L,GLASS CLEANER 5L,DRIGEN,33,1,5.0,0.15151515151515152,5.0,Data Terlalu Sedikit
GD-BD100,REAGENT GLORY BILIRUBIN (Direct),BTL,33,1,1.0,0.030303030303030304,1.0,Data Terlalu Sedikit
GD-BT200,REAGENT GLORY BILIRUBIN (Total),BTL,33,1,1.0,0.030303030303030304,1.0,Data Terlalu Sedikit
GD-TG100,REAGENT GLORY TRIGLYCERIDES,BTL,33,1,1.0,0.030303030303030304,1.0,Data Terlalu Sedikit
GD-UR100,REAGENT GLORY UREA,BTL,33,1,1.0,0.030303030303030304,1.0,Data Terlalu Sedikit
GEL-EKG,ULTRASOUND GEL EKG 250 ML,BUAH,33,1,36.0,1.0909090909090908,36.0,Data Terlalu Sedikit
GENOSM,Genoint Salep Mata,TUBE,33,1,1.0,0.030303030303030304,1.0,Data Terlalu Sedikit
GGYPS-EONE,Gergaji GYPS Electric Onemed,UNIT,33,1,1.0,0.030303030303030304,1.0,Data Terlalu Sedikit
GLIME2,Glimepiride 2 mg Dexa,TAB,33,1,500.0,15.151515151515152,500.0,Data Terlalu Sedikit
GLIMP1,GLIMEPIRIDE 1 MG,BOX,34,1,1.0,0.029411764705882353,1.0,Data Terlalu Sedikit
GLIMP1,GLIMEPIRIDE 1 MG,TAB,35,1,500.0,14.285714285714286,500.0,Data Terlalu Sedikit
GLIMP2,Glimepiride 2 mg,BOX,33,1,10.0,0.30303030303030304,10.0,Data Terlalu Sedikit
GLIMP4,Glimepiride 4 mg,BOX,33,1,30.0,0.9090909090909091,30.0,Data Terlalu Sedikit
GMFB300,GEMFIBROZILE 300MG,TAB,33,1,500.0,15.151515151515152,500.0,Data Terlalu Sedikit
GORDENVB,GORDEN VERTICAL BLIND,SET,33,1,26.0,0.7878787878787878,26.0,Data Terlalu Sedikit
GP-12000,US-3 GENSET PORTABLE BROTHERS BG 12000 US-3,UNIT,33,1,4.0,0.12121212121212122,4.0,Data Terlalu Sedikit
GSF-G533,Pel Mop Spin GSF-G533,BUAH,33,1,2.0,0.06060606060606061,2.0,Data Terlalu Sedikit
GTMC-SKKF,Gentamicin Cream SK - KF,BOX,34,1,2.0,0.058823529411764705,2.0,Data Terlalu Sedikit
GTMC-SKKF,Gentamicin Cream SK - KF,TUBE,35,1,1300.0,37.142857142857146,1300.0,Data Terlalu Sedikit
GUAI100,Guaifenesin 100mg NOVA,TAB,33,1,26000.0,787.8787878787879,26000.0,Data Terlalu Sedikit
GUAI100-TRIFA,GUAIFENESIN 100MG - TRIFA,BOX,33,1,2.0,0.06060606060606061,2.0,Data Terlalu Sedikit
GV,SET GV,SET,33,1,7.0,0.21212121212121213,7.0,Data Terlalu Sedikit
H2O2,H2O2,BTL,33,1,15.0,0.45454545454545453,15.0,Data Terlalu Sedikit
HAEMO,SET HAEMOCYTOMETER SET,PCS,33,1,1.0,0.030303030303030304,1.0,Data Terlalu Sedikit
HCG,SET HECTING,SET,33,3,9.0,0.2727272727272727,4.0,Data Terlalu Sedikit
HEM-7120,TENSI DIGITAL OMRON HEM 7120,UNIT,33,1,1.0,0.030303030303030304,1.0,Data Terlalu Sedikit
HEM-7142T1,AUTOMATIC BLOOD PRESSURE MONITOR,UNIT,33,1,4.0,0.12121212121212122,4.0,Data Terlalu Sedikit
HEM-7156TA,TENSIMETER OMRON HEM-7156TA,UNIT,33,1,5.0,0.15151515151515152,5.0,Data Terlalu Sedikit
HEM-8712,TENSI DIGITAL OMRON HEM 8712,UNIT,33,1,2.0,0.06060606060606061,2.0,Data Terlalu Sedikit
HEM-RML31,MANSET OMRON HEM-RML31,BOX,33,1,3.0,0.09090909090909091,3.0,Data Terlalu Sedikit
HISTG,HISTIGO TAB,BOX,33,1,1.0,0.030303030303030304,1.0,Data Terlalu Sedikit
HS-HC,60 ML HAPPY CARE HAND SANITIZER 60 ML,BTL,33,0,0.0,0.0,0.0,Data Terlalu Sedikit
HS-S5L,HAND SOAP STRAWBERRY DAYDREAM 5L,DRIGEN,33,1,10.0,0.30303030303030304,10.0,Data Terlalu Sedikit
HSN-NON-FG5L,PROKLEEN HAND SANITIZER NON FOOD GRADE 5L,DRIGEN,33,1,5.0,0.15151515151515152,5.0,Data Terlalu Sedikit
HUFGS-K,Hufagrip Syrup Flu & Batuk (Kuning),BTL,33,1,50.0,1.5151515151515151,50.0,Data Terlalu Sedikit
HYDRCS-CR,HYDROCORTISONE KF CREAM,TUBE,33,1,3.0,0.09090909090909091,3.0,Data Terlalu Sedikit
HYOS20-BERNO,Hyoscine N Inj 20 mg/ml - Berno,BOX,33,1,20.0,0.6060606060606061,20.0,Data Terlalu Sedikit
IBPR,Tab Ibuprofen Tab,BOX,33,1,1.0,0.030303030303030304,1.0,Data Terlalu Sedikit
IBPR400,Tab Ibuprofen 400mg Tab,BOX,34,2,11.0,0.3235294117647059,10.0,Data Terlalu Sedikit
IBPR400,Tab Ibuprofen 400mg Tab,TAB,35,1,734.0,20.97142857142857,734.0,Data Terlalu Sedikit
IC-MASK,4 INCOM CARE SURGICAL MASK 4 PLY,BOX,33,1,40.0,1.2121212121212122,40.0,Data Terlalu Sedikit
IC-YP,90A INCUBATOR GEA 2 PINTU YP-90A,UNIT,33,1,3.0,0.09090909090909091,3.0,Data Terlalu Sedikit
ICARE-30,EKG ICARE 30,UNIT,33,2,4.0,0.12121212121212122,3.0,Data Terlalu Sedikit
ICM-LXL,INCOME LATEX L,BOX,33,1,5.0,0.15151515151515152,5.0,Data Terlalu Sedikit
ICM-LXM,INCOME LATEX M,BOX,33,1,10.0,0.30303030303030304,10.0,Data Terlalu Sedikit
ICM-LXS,INCOME LATEX S,BOX,33,1,5.0,0.15151515151515152,5.0,Data Terlalu Sedikit
IFSD,INFUS SET DEWASA,PCS,33,1,400.0,12.121212121212121,400.0,Data Terlalu Sedikit
IFW,INFANT WARMER,UNIT,33,1,1.0,0.030303030303030304,1.0,Data Terlalu Sedikit
ILDI-S10,Iliadin Spray 10ml,BTL,33,1,50.0,1.5151515151515151,50.0,Data Terlalu Sedikit
ILDI-SA10,"Iliadin Spray Anak 0,025%",BTL,33,1,50.0,1.5151515151515151,50.0,Data Terlalu Sedikit
IMFORT,IMBOOST FORCE TAB,TAB,33,1,520.0,15.757575757575758,520.0,Data Terlalu Sedikit
INCIDAL,INCIDAL TAB,TAB,33,1,320.0,9.696969696969697,320.0,Data Terlalu Sedikit
INERSONCR,INERSON 15 GR,TUBE,33,1,10.0,0.30303030303030304,10.0,Data Terlalu Sedikit
INNERPLAS5,INNER PLASTIK SAFETY BOX 5 L,PCS,33,1,200.0,6.0606060606060606,200.0,Data Terlalu Sedikit
INPS-100,INPEPSA 100,BTL,33,1,3.0,0.09090909090909091,3.0,Data Terlalu Sedikit
INTRSC,SET INSTRUMENT SC,SET,33,1,2.0,0.06060606060606061,2.0,Data Terlalu Sedikit
IOP-XS,ION PLUS LATEX FREE POWDER ''XS'',BOX,33,1,30.0,0.9090909090909091,30.0,Data Terlalu Sedikit
IP,INFUS PUMP,UNIT,33,1,1.0,0.030303030303030304,1.0,Data Terlalu Sedikit
ISD-02,INFUS SET DEWASA,BOX,34,2,48.0,1.411764705882353,40.0,Data Terlalu Sedikit
ISD-02,INFUS SET DEWASA,PCS,35,1,1000.0,28.571428571428573,1000.0,Data Terlalu Sedikit
ISDN,TAB ISDN TAB 10MG,BOX,33,1,20.0,0.6060606060606061,20.0,Data Terlalu Sedikit
ISDN5,Isosorbit Dinitrate (ISDN) 5mg Tab,TAB,33,1,500.0,15.151515151515152,500.0,Data Terlalu Sedikit
ISOPORE,1/2 SURGICAL TAPE PLESTER ISOPORE 1/2 INC INC,BOX,33,1,6.0,0.18181818181818182,6.0,Data Terlalu Sedikit
ISTD,INFUS SET TERUMO DEWASA,PCS,33,1,10.0,0.30303030303030304,10.0,Data Terlalu Sedikit
ISTP,ISI STAPLES,BUAH,33,1,80.0,2.4242424242424243,80.0,Data Terlalu Sedikit
IV,18G IV CHATETER NO 18G,PCS,35,2,300.0,8.571428571428571,200.0,Data Terlalu Sedikit
IV,20G B IV CHATETER NO 20G Box @50,PCS,36,1,100.0,2.7777777777777777,100.0,Data Terlalu Sedikit
IV,20G IV CHATETER NO 20G,PCS,35,3,240.0,6.857142857142857,130.0,Layak Diprediksi
IV,22G IV CHATETER NO 22G,PCS,35,3,780.0,22.285714285714285,400.0,Layak Diprediksi
IV,24G B IV CHATETER NO 24G Box @50,PCS,36,1,100.0,2.7777777777777777,100.0,Data Terlalu Sedikit
IV,24G IV CHATETER NO 24G,PCS,36,4,660.0,18.333333333333332,400.0,Layak Diprediksi
IVB,22G IV CHATETER NO 22G Box @50,PCS,33,1,100.0,3.0303030303030303,100.0,Data Terlalu Sedikit
IVC,22 IV CHATETER NO 22G,BOX,35,1,10.0,0.2857142857142857,10.0,Data Terlalu Sedikit
IVC,24 IV CHATETER NO 24G,BOX,35,1,10.0,0.2857142857142857,10.0,Data Terlalu Sedikit
IVC,26 IV CHATETER NO 26G,BOX,35,2,3.0,0.08571428571428572,2.0,Data Terlalu Sedikit
JARD25,JARDIANCE 25 MG,BOX,33,1,2.0,0.06060606060606061,2.0,Data Terlalu Sedikit
JPN-600,OMRON AUTOMATIC BLOOD PRESSURE MONITOR,UNIT,33,1,2.0,0.06060606060606061,2.0,Data Terlalu Sedikit
JRMS25,Jarum Spinal 25,PCS,33,1,19.0,0.5757575757575758,19.0,Data Terlalu Sedikit
KACASANDBLA,SANDBLAST KACA ST,SET,33,1,1.0,0.030303030303030304,1.0,Data Terlalu Sedikit
KAMLET,Kamper Toilet,PAK,33,2,65.0,1.9696969696969697,50.0,Data Terlalu Sedikit
KANEBO,KANEBO,PCS,33,2,42.0,1.2727272727272727,30.0,Data Terlalu Sedikit
KCBW-58,KEMOCENG BENANG WARNA 58CM,BUAH,33,1,2.0,0.06060606060606061,2.0,Data Terlalu Sedikit
KEKG12,KERTAS EKG 12 CHANEL 210mm*20mm,PAK,33,1,10.0,0.30303030303030304,10.0,Data Terlalu Sedikit
KEKG1230,KERTAS EKG 12 CHANEL 210mm*30m,PAK,33,2,44.0,1.3333333333333333,24.0,Data Terlalu Sedikit
KERPF100-BERNO,Ketoprofen 100mg Tab - Bernofarm,TAB,33,1,1500.0,45.45454545454545,1500.0,Data Terlalu Sedikit
KERPFINJ-BERNO,Ketoprofen Inj - Bernofarm,VIAL,33,1,1000.0,30.303030303030305,1000.0,Data Terlalu Sedikit
KERTRM-80*80,KERTAS TERMAL 80*80,ROL,33,1,50.0,1.5151515151515151,50.0,Data Terlalu Sedikit
KESET,RAJUT KAIN KESET RAJUT/ANYAM,PCS,33,2,30.0,0.9090909090909091,20.0,Data Terlalu Sedikit
KETLAC,Tab Ketorolac Tab 10mg Bernofarm,BOX,34,1,2.0,0.058823529411764705,2.0,Data Terlalu Sedikit
KETLAC,Tab Ketorolac Tab 10mg Bernofarm,TAB,35,1,540.0,15.428571428571429,540.0,Data Terlalu Sedikit
KETLAC10,- Inj Ketorolac 10mg/1ml Inj,AMPUL,33,1,800.0,24.242424242424242,800.0,Data Terlalu Sedikit
KETLAC30,- Inj Ketorolac 30mg/1ml Inj,AMPUL,34,2,469.0,13.794117647058824,450.0,Data Terlalu Sedikit
KETLAC30,- Inj Ketorolac 30mg/1ml Inj,BOX,35,1,50.0,1.4285714285714286,50.0,Data Terlalu Sedikit
KETLAC30-INJ,Ketorolac 30mg/1ml Inj,AMPUL,33,1,250.0,7.575757575757576,250.0,Data Terlalu Sedikit
KETOCR,Ketoconazole Krim,TUBE,33,1,20.0,0.6060606060606061,20.0,Data Terlalu Sedikit
KHDMI-1.5,KABEL HDMI (1.5M),BUAH,33,1,2.0,0.06060606060606061,2.0,Data Terlalu Sedikit
KIT,INTUBASI KIT INTUBASI,UNIT,33,1,1.0,0.030303030303030304,1.0,Data Terlalu Sedikit
KIT-HANR500,KITARO HANDRUB 500ml,BTL,33,1,6.0,0.18181818181818182,6.0,Data Terlalu Sedikit
KJO,KERANJANG OBAT,BUAH,33,1,6.0,0.18181818181818182,6.0,Data Terlalu Sedikit
KK,KALKULATOR,BUAH,33,1,2.0,0.06060606060606061,2.0,Data Terlalu Sedikit
KLP-10X10,Kassa Lipat Polos 10cm x 10cm,PAK,33,19,935.0,28.333333333333332,100.0,Layak Diprediksi
KLP-5X5,Kassa Lipat Polos 5cm x 5cm (400 pcs),PAK,33,16,409.0,12.393939393939394,100.0,Layak Diprediksi
"KLP-7,5X7,5","Kassa Lipat Polos 7,5cm x 7,5cm",PAK,33,21,1185.0,35.90909090909091,110.0,Layak Diprediksi
KLX-R,Kassa Lipat X-Ray 10cm x 10cm,PAK,33,10,215.0,6.515151515151516,30.0,Layak Diprediksi
KLX-R5,Kassa Lipat X-Ray 5cm x 5cm,PAK,33,1,20.0,0.6060606060606061,20.0,Data Terlalu Sedikit
KPB,KERTAS PUYER BERLOGO,DUS,33,2,12.0,0.36363636363636365,8.0,Data Terlalu Sedikit
KPBP,KERTAS PUYER BERLOGO,DUS,33,1,1.0,0.030303030303030304,1.0,Data Terlalu Sedikit
KPLB,KANTONG PLASTIK BENING,PAK,33,1,10.0,0.30303030303030304,10.0,Data Terlalu Sedikit
KPLB5,KANTONG PLASTIK BENING UK 5,PAK,33,1,20.0,0.6060606060606061,20.0,Data Terlalu Sedikit
KPMB,KERTAS PERKAMEN BIASA,PAK,33,1,12.0,0.36363636363636365,12.0,Data Terlalu Sedikit
KPSPMB-250,Kapas Putih / Kapas Pembalut Om 250 Gr,ROL,33,1,28.0,0.8484848484848485,28.0,Data Terlalu Sedikit
KPVI-1L,KITARO POVIDONE IODINE 1 L,BTL,33,1,100.0,3.0303030303030303,100.0,Data Terlalu Sedikit
KR-SR-5L,KARBOL SEREH 5L,DRIGEN,33,1,12.0,0.36363636363636365,12.0,Data Terlalu Sedikit
KRR,KURSI RODA,UNIT,33,1,2.0,0.06060606060606061,2.0,Data Terlalu Sedikit
KSG,80*40 KASA GULUNG 80*40,ROL,33,1,12.0,0.36363636363636365,12.0,Data Terlalu Sedikit
LA-H19SL,LEMARI ARSIP H19 SL,UNIT,33,1,1.0,0.030303030303030304,1.0,Data Terlalu Sedikit
LAB,T&J 121 LABEL TOM & JERRY NO. 121,PAK,33,1,5.0,0.15151515151515152,5.0,Data Terlalu Sedikit
LABEL,OBAT LABEL ETIKET OBAT,PAK,33,1,130.0,3.9393939393939394,130.0,Data Terlalu Sedikit
LAMP,LAMPU OPERASI MINDRAY HyleD 760 OPERATION,UNIT,33,1,1.0,0.030303030303030304,1.0,Data Terlalu Sedikit
LANSO30,Lansoprazole 30 mg nufarindo,BOX,33,2,21.0,0.6363636363636364,20.0,Data Terlalu Sedikit
LARI1000MG,LARCE 1000 mg INJEKSI,AMPUL,33,1,5.0,0.15151515151515152,5.0,Data Terlalu Sedikit
LASF20,LARUTAN ASAM SULFOSALISILAT 20%,BTL,33,1,1.0,0.030303030303030304,1.0,Data Terlalu Sedikit
LBNK1.5,Lakban 1.5 inc Kuning,PCS,33,1,5.0,0.15151515151515152,5.0,Data Terlalu Sedikit
LBNM1.5,Lakban 1.5 inc Merah,PCS,33,1,5.0,0.15151515151515152,5.0,Data Terlalu Sedikit
LEVOTAB,LEVOPAR TAB,BOX,33,7,210.0,6.363636363636363,50.0,Layak Diprediksi
LEVXC500,Levofloxacin 500mg Tab - Berno,BOX,34,1,10.0,0.29411764705882354,10.0,Data Terlalu Sedikit
LEVXC500,Levofloxacin 500mg Tab - Berno,TAB,35,1,1000.0,28.571428571428573,1000.0,Data Terlalu Sedikit
LEVXC500-INF,Levofloxacin Infus 500MG/100ML,BTL,33,3,120.0,3.6363636363636362,40.0,Layak Diprediksi
LGN-RTA,LUNGENE COVID-19 ANTIGEN RAPID TEST,BOX,33,5,100.0,3.0303030303030303,20.0,Layak Diprediksi
LIDC2,- Inj Lidocain HCL Inj 2% 2ML - Berno,AMPUL,35,1,100.0,2.857142857142857,100.0,Data Terlalu Sedikit
LIDC2,- Inj Lidocain HCL Inj 2% 2ML - Berno,BOX,34,1,1.0,0.029411764705882353,1.0,Data Terlalu Sedikit
LIDC2-INJ,Lidocain Hcl Inj 2% 2ML,AMPUL,33,1,300.0,9.090909090909092,300.0,Data Terlalu Sedikit
LISNOP10,LISINOPRIL 10MG DEXA,TAB,33,1,1000.0,30.303030303030305,1000.0,Data Terlalu Sedikit
LISNOP5,LISINOPRIL 5MG DEXA,TAB,33,1,750.0,22.727272727272727,750.0,Data Terlalu Sedikit
LKP7.5X4.5,Leukoplast 1625H (7.5cm X 4.5M),ROL,33,1,25.0,0.7575757575757576,25.0,Data Terlalu Sedikit
LMA-3,Laryngeal Mask Airway (LMA) No. 3,PCS,33,1,38.0,1.1515151515151516,38.0,Data Terlalu Sedikit
LNP-ANAK,LARYNGOSKOP ANAK,UNIT,33,1,1.0,0.030303030303030304,1.0,Data Terlalu Sedikit
LNP-BAYI,LARYNGOSKOP BAYI,UNIT,33,1,1.0,0.030303030303030304,1.0,Data Terlalu Sedikit
LNP-DWS,LARYNGOSKOP DEWASA,UNIT,33,1,1.0,0.030303030303030304,1.0,Data Terlalu Sedikit
LOBBYDUS,LOBBY DUSTER 90 CM,PCS,33,1,10.0,0.30303030303030304,10.0,Data Terlalu Sedikit
LOPRM2,LOPERAMIDE 2MG TAB,BOX,33,2,2.0,0.06060606060606061,1.0,Data Terlalu Sedikit
LORAT-TABTRFA,LORATADINE TAB - TRIFA,BOX,35,1,1.0,0.02857142857142857,1.0,Data Terlalu Sedikit
LORAT-TABTRFA,LORATADINE TAB - TRIFA,TAB,34,1,300.0,8.823529411764707,300.0,Data Terlalu Sedikit
LORATD10,Loratadine 10mg Tab,TAB,33,2,800.0,24.242424242424242,500.0,Data Terlalu Sedikit
LPO-AV,LAMPU OPERASI,UNIT,33,1,1.0,0.030303030303030304,1.0,Data Terlalu Sedikit
LPT,LAMPU TINDAKAN,UNIT,33,1,1.0,0.030303030303030304,1.0,Data Terlalu Sedikit
LS-100HD,AUTOCLAVE GEA LS-100HD,UNIT,33,2,2.0,0.06060606060606061,1.0,Data Terlalu Sedikit
LYS20M,LYSE 20 M,BTL,33,1,1.0,0.030303030303030304,1.0,Data Terlalu Sedikit
MAP-K,MAP KERTAS,PAK,33,2,30.0,0.9090909090909091,20.0,Data Terlalu Sedikit
MAPP-001,MAP SNLHECTER PLASTIK,PAK,33,1,10.0,0.30303030303030304,10.0,Data Terlalu Sedikit
MASFP-6.5,SURGICAL GLOVE STERILE FREE POWDER 6.5 MAS,PCS,33,4,2000.0,60.60606060606061,800.0,Layak Diprediksi
MASFP-7,SURGICAL GLOVE STERILE FREE POWDER 7 MAS,PCS,33,4,2000.0,60.60606060606061,800.0,Layak Diprediksi
MASFP-7.5,SURGICAL GLOVE STERILE FREE POWDER 7.5 MAS,PCS,33,4,2000.0,60.60606060606061,800.0,Layak Diprediksi
MASFP-8,SURGICAL GLOVE STERILE FREE POWDER 8 MAS,PCS,33,1,200.0,6.0606060606060606,200.0,Data Terlalu Sedikit
MASKN95,MASKER N95 5 PLY,BOX,33,1,3.0,0.09090909090909091,3.0,Data Terlalu Sedikit
MDXS,140 MODEXA SPRAY 140,BTL,33,1,14.0,0.42424242424242425,14.0,Data Terlalu Sedikit
MECBN,- Inj Mecobalamin Inj - Berno,AMPUL,34,1,100.0,2.9411764705882355,100.0,Data Terlalu Sedikit
MECBN,- Inj Mecobalamin Inj - Berno,BOX,35,1,20.0,0.5714285714285714,20.0,Data Terlalu Sedikit
MECBN-INJ,Mecobalamin Inj,AMPUL,33,1,100.0,3.0303030303030303,100.0,Data Terlalu Sedikit
MEFEAC500,Mefenamat Acid 500mg Tab Triman,BOX,34,2,3.0,0.08823529411764706,2.0,Data Terlalu Sedikit
MEFEAC500,Mefenamat Acid 500mg Tab Triman,TAB,35,2,2240.0,64.0,1240.0,Data Terlalu Sedikit
MEFEACB500,Mefenamat Acid 500mg Tab Bernofarm,TAB,33,1,1000.0,30.303030303030305,1000.0,Data Terlalu Sedikit
MEFN-500,MEFINAL 500,BOX,33,1,1.0,0.030303030303030304,1.0,Data Terlalu Sedikit
MELOX-7.5HJ,Meloxicam HJ 7.5mg,BOX,33,1,1.0,0.030303030303030304,1.0,Data Terlalu Sedikit
MELOX15,Meloxicam 15mg - Berno,BOX,33,1,15.0,0.45454545454545453,15.0,Data Terlalu Sedikit
MERSB5INJ-MERSI,Mersibion 5000 Inj Box 100 amp @ 3ml - Mersi,AMPUL,33,1,300.0,9.090909090909092,300.0,Data Terlalu Sedikit
MERSIB,Inj Mersibion inj,BOX,33,1,1.0,0.030303030303030304,1.0,Data Terlalu Sedikit
METF500,METFORMIN 500 mg Tab Bernofarm,BOX,35,1,50.0,1.4285714285714286,50.0,Data Terlalu Sedikit
METF500,METFORMIN 500 mg Tab Bernofarm,TAB,34,2,11900.0,350.0,6900.0,Data Terlalu Sedikit
METFT500,METFORMIN 500 mg Tab Bernofarm,TAB,33,1,4600.0,139.3939393939394,4600.0,Data Terlalu Sedikit
METHYL125,Inj METHYLPREDNISOLON 125MG INJ,BOX,34,4,74.0,2.176470588235294,50.0,Layak Diprediksi
METHYL125,Inj METHYLPREDNISOLON 125MG INJ,TAB,35,2,2700.0,77.14285714285714,1700.0,Data Terlalu Sedikit
METHYL4,Methylprednisolon 4mg,BOX,34,1,30.0,0.8823529411764706,30.0,Data Terlalu Sedikit
METHYL4,Methylprednisolon 4mg,TAB,35,1,500.0,14.285714285714286,500.0,Data Terlalu Sedikit
METHYL4D,Methylprednisolone 4 MG DEXA,BOX,35,1,2.0,0.05714285714285714,2.0,Data Terlalu Sedikit
METHYL4D,Methylprednisolone 4 MG DEXA,TAB,34,1,500.0,14.705882352941176,500.0,Data Terlalu Sedikit
METHYL8,Methylprednisolon 8mg,BOX,33,1,10.0,0.30303030303030304,10.0,Data Terlalu Sedikit
METHYLERGO1,METHYLERGOMETRINE MALEATE 0.125 MG 25,TAB,33,1,200.0,6.0606060606060606,200.0,Data Terlalu Sedikit
METMZ,Inj Metamizol Sodium Monohydrate Inj 1000mg/2ml @100 amp Bernofarm,AMPUL,33,2,400.0,12.121212121212121,300.0,Data Terlalu Sedikit
METR500,Metronidazole 500mg Tab,BOX,34,2,11.0,0.3235294117647059,10.0,Data Terlalu Sedikit
METR500,Metronidazole 500mg Tab,TAB,35,3,1500.0,42.857142857142854,500.0,Layak Diprediksi
METRDI500,Metronidazole Infus 500mg/100ml,BTL,33,5,510.0,15.454545454545455,200.0,Layak Diprediksi
METROBER100,METRONIDAZOLE INFUS 100ML BERNO,BTL,33,1,10.0,0.30303030303030304,10.0,Data Terlalu Sedikit
MGSO20,MAGNESIUM SULFATE 20,AMPUL,33,1,20.0,0.6060606060606061,20.0,Data Terlalu Sedikit
MGSO40,Magnesium Sulfate 40% 25ml,AMPUL,33,1,20.0,0.6060606060606061,20.0,Data Terlalu Sedikit
MICROP,100- MICROPIPET ADJ 100-1000 10000,BOX,34,1,1.0,0.029411764705882353,1.0,Data Terlalu Sedikit
MICROP,5-50 MICROPIPET ADJ 5-50,BOX,35,1,1.0,0.02857142857142857,1.0,Data Terlalu Sedikit
MIXA,Mixalgin,BOX,33,1,1.0,0.030303030303030304,1.0,Data Terlalu Sedikit
MJ-GYN,MEJA GYNECOLOGI,UNIT,33,1,1.0,0.030303030303030304,1.0,Data Terlalu Sedikit
MK-S7,SYRINGE PUMP S7 SMART WITH PROTECT FRAME,UNIT,33,1,1.0,0.030303030303030304,1.0,Data Terlalu Sedikit
MK-V7,INFUSION PUMP V7 SMART WITH PROTECT FRAME,UNIT,33,1,1.0,0.030303030303030304,1.0,Data Terlalu Sedikit
MK01-100,SINGLE HEAD STETHOSCOPE,PCS,33,1,100.0,3.0303030303030303,100.0,Data Terlalu Sedikit
MK01-104,DUAL HEAD STETHOSCOPE,PCS,33,1,100.0,3.0303030303030303,100.0,Data Terlalu Sedikit
MK04-115,ELECTROSURGICAL PENCIL MK04-115,PCS,33,11,2549.0,77.24242424242425,500.0,Layak Diprediksi
MK07-301,MEDICAL PEN TYPE FLASHLIGHTHS,PCS,33,1,15.0,0.45454545454545453,15.0,Data Terlalu Sedikit
MK07-353,OTOSCOPE MK07-353,UNIT,33,1,5.0,0.15151515151515152,5.0,Data Terlalu Sedikit
MK08-500A,MEDCO BLOOD LANCET 100PCS/BOX,BOX,33,2,30.0,0.9090909090909091,20.0,Data Terlalu Sedikit
MK08-503B,STERILE SAFETY LANCET MK08-503B,BOX,33,8,297.0,9.0,75.0,Layak Diprediksi
MK08-565,MASKER MULTI ONE PLUS 3PLY EARLOOP,BOX,33,7,835.0,25.303030303030305,300.0,Layak Diprediksi
MK09-135,NASAL OXYGEN CANNULA ADULT,PCS,33,3,900.0,27.272727272727273,300.0,Layak Diprediksi
MK09-231,LATEX FOLEY CATHETER 2-WAY FR16,PCS,33,3,249.0,7.545454545454546,200.0,Layak Diprediksi
MK09-231-2,LATEX FOLEY CATHETER 2-WAY FR18,PCS,33,1,10.0,0.30303030303030304,10.0,Data Terlalu Sedikit
MKOA-NRM,Masker Oksigen Anak NRM,PCS,33,1,2.0,0.06060606060606061,2.0,Data Terlalu Sedikit
MKOA-RM,Masker Oksigen Anak RM,PCS,33,1,2.0,0.06060606060606061,2.0,Data Terlalu Sedikit
MKOD-NRM,Masker Oksigen Dewasa NRM,PCS,33,1,2.0,0.06060606060606061,2.0,Data Terlalu Sedikit
MKOD-RM,Masker Oksigen Dewasa RM,PCS,33,1,2.0,0.06060606060606061,2.0,Data Terlalu Sedikit
MKPB,MAP KANCING PLASTIK BIRU,PAK,33,1,35.0,1.0606060606060606,35.0,Data Terlalu Sedikit
MLXFLU,Molexflu Tab,BOX,33,1,1.0,0.030303030303030304,1.0,Data Terlalu Sedikit
MND-,MASKER NEBULIZER DEWASA ONEHEALTH ONEHEALTH,PCS,33,1,20.0,0.6060606060606061,20.0,Data Terlalu Sedikit
MND-CH,Masker Nebulizer Dewasa Chrona (L),PCS,33,1,500.0,15.151515151515152,500.0,Data Terlalu Sedikit
MOLG,MOLAGIT TAB,BOX,33,1,1.0,0.030303030303030304,1.0,Data Terlalu Sedikit
"MOMTS0,1","Mometasone Cream 0,1% 10gr",TUBE,33,1,10.0,0.30303030303030304,10.0,Data Terlalu Sedikit
MOXCTAB,Amoxicillin 500mg Tab,TAB,33,2,1627.0,49.303030303030305,1327.0,Data Terlalu Sedikit
MRP,1 INC MICROPORE 1 INCH,BOX,35,1,100.0,2.857142857142857,100.0,Data Terlalu Sedikit
MRP,"1"" MICROPORE 1 INCH",PCS,35,2,310.0,8.857142857142858,250.0,Data Terlalu Sedikit
MRP,"1/2"" MICROPORE 1/2 INCH",PCS,35,1,400.0,11.428571428571429,400.0,Data Terlalu Sedikit
MRSB5INJ-MERSI,Mersibion 5000 Inj Box 10 amp @ 3ml - Mersi,AMPUL,33,1,1700.0,51.515151515151516,1700.0,Data Terlalu Sedikit
MSK3-OMD,MASKER 3 PLY ONEMED,BOX,33,2,75.0,2.272727272727273,60.0,Data Terlalu Sedikit
MSKE3-ALTM,Masker Earloop 3 Ply Altamed,BOX,33,1,37.0,1.121212121212121,37.0,Data Terlalu Sedikit
MSKE3-CH,Masker Earloop 3 Ply Chrona,BOX,33,1,400.0,12.121212121212121,400.0,Data Terlalu Sedikit
MSQ,SET MASQUITO,SET,33,1,3.0,0.09090909090909091,3.0,Data Terlalu Sedikit
MTCLP5,Metoclopramide 5mg,TAB,33,1,2100.0,63.63636363636363,2100.0,Data Terlalu Sedikit
MTHYL8,METHYLPREDNISOLON 8MG BERNO,BOX,33,1,1.0,0.030303030303030304,1.0,Data Terlalu Sedikit
MVA-C01,MAONO MULTIFUNCTIONAL VOICE AMPLIFIER C01,UNIT,33,1,1.0,0.030303030303030304,1.0,Data Terlalu Sedikit
MWR,MOUSE WIRELESS,BUAH,33,1,5.0,0.15151515151515152,5.0,Data Terlalu Sedikit
MX,6.5 MAXTER NO. 6.5,BOX,35,1,8.0,0.22857142857142856,8.0,Data Terlalu Sedikit
MX,7 MAXTER NO. 7,BOX,35,1,8.0,0.22857142857142856,8.0,Data Terlalu Sedikit
MX,8 MAXTER NO. 8,BOX,35,1,8.0,0.22857142857142856,8.0,Data Terlalu Sedikit
MXLG,MIXALGIN TAB,BOX,33,1,1.0,0.030303030303030304,1.0,Data Terlalu Sedikit
NACL1-BBR,NaCL 0.9% 100ml - BBR,BTL,33,1,150.0,4.545454545454546,150.0,Data Terlalu Sedikit
NACL5,NaCL 0.9% 500ml,BTL,33,1,200.0,6.0606060606060606,200.0,Data Terlalu Sedikit
NATDIK5,Natrium Diklofenac 50mg phapros,BOX,33,2,4.0,0.12121212121212122,3.0,Data Terlalu Sedikit
NC,NESCO COLESTEROL,BOX,33,1,5.0,0.15151515151515152,5.0,Data Terlalu Sedikit
NC-ALTM,Nurse Cap Altamed,BOX,33,1,38.0,1.1515151515151516,38.0,Data Terlalu Sedikit
NC16,NELATON CHATETER NO 16,PCS,33,1,50.0,1.5151515151515151,50.0,Data Terlalu Sedikit
NC18,NELATON CHATETER NO 18,PCS,33,1,50.0,1.5151515151515151,50.0,Data Terlalu Sedikit
NCOA-,NASAL CANUL OXYGEN ANAK ONEHEALTH ONEHEALTH,PCS,33,1,10.0,0.30303030303030304,10.0,Data Terlalu Sedikit
NECK,COLAR L NECK COLAR (CERVICAL COLLAR) L,PCS,34,1,2.0,0.058823529411764705,2.0,Data Terlalu Sedikit
NECK,COLAR NECK COLAR (CERVICAL COLLAR) M M,PCS,35,1,2.0,0.05714285714285714,2.0,Data Terlalu Sedikit
NEDDLE,26G NEDDLE NO 26G,BOX,33,1,3.0,0.09090909090909091,3.0,Data Terlalu Sedikit
NEG-L,"NITRILE EXAMINATION GLOVES ""L""",BOX,33,1,50.0,1.5151515151515151,50.0,Data Terlalu Sedikit
NEG-M,"NITRILE EXAMINATION GLOVES ""M""",BOX,33,1,50.0,1.5151515151515151,50.0,Data Terlalu Sedikit
NEG-S,"NITRILE EXAMINATION GLOVES ""S""",BOX,33,1,50.0,1.5151515151515151,50.0,Data Terlalu Sedikit
NELLCOBDK,NELLCO BEDAK SALICYL 60GR,BTL,33,1,12.0,0.36363636363636365,12.0,Data Terlalu Sedikit
NEUROBION,injek NEUROBION INJEKSI 5000,AMPUL,33,1,40.0,1.2121212121212122,40.0,Data Terlalu Sedikit
NEUROBIONFORTE,NEUROBION FORTE TAB 250MG,TAB,33,1,1000.0,30.303030303030305,1000.0,Data Terlalu Sedikit
NEUTAB,Neurosanbe Tablet,BOX,33,1,1.0,0.030303030303030304,1.0,Data Terlalu Sedikit
NGT-16TRM,SELANG NGT 16 TERUMO,PCS,33,1,10.0,0.30303030303030304,10.0,Data Terlalu Sedikit
"NHKLP-7,5X7,5","Nusa Husada Kassa Lipat Polos 7,5cm x 7,5cm",PAK,33,1,60.0,1.8181818181818181,60.0,Data Terlalu Sedikit
NHKLR-10X10,Nusa Husada Kassa Lipat X-Ray 10cm x 10cm,PAK,33,1,50.0,1.5151515151515151,50.0,Data Terlalu Sedikit
NHKLR-5X5,Nusa Husada Kassa Lipat X-Ray 5cm x 5cm,PAK,33,1,40.0,1.2121212121212122,40.0,Data Terlalu Sedikit
NHWC-211,Disposable Single Heated Wire Breathing Circuit Neonatal w/Chamber NHWC-211,PCS,33,1,3.0,0.09090909090909091,3.0,Data Terlalu Sedikit
NICRP10,- Inj Nicardipine Inj 10mg,BOX,33,1,15.0,0.45454545454545453,15.0,Data Terlalu Sedikit
NICRP10-INJ,Nicardipine Inj 10mg,AMPUL,33,1,9.0,0.2727272727272727,9.0,Data Terlalu Sedikit
NKS,16X16 KASSA STERIL 16X16,PAK,35,2,2060.0,58.857142857142854,2000.0,Data Terlalu Sedikit
NKS,16X16 KASSA STERIL 16X16,PCS,34,1,1000.0,29.41176470588235,1000.0,Data Terlalu Sedikit
NKSLM,10X10 KASSA STERIL LIMATUEL 10 x 10,BOX,33,1,1.0,0.030303030303030304,1.0,Data Terlalu Sedikit
NKST,16X16 KASSA STERIL 16X16,BOX,34,1,16.0,0.47058823529411764,16.0,Data Terlalu Sedikit
NKST,16X16 KASSA STERIL 16X16,PAK,35,1,115.0,3.2857142857142856,115.0,Data Terlalu Sedikit
NM-USGG5L,NAM MEDICAL ULTRASOUND GEL 5,DRIGEN,33,4,21.0,0.6363636363636364,8.0,Layak Diprediksi
NOC-AO,NASAL OXYGEN CANNULA ADULT ONEMED,PCS,33,1,100.0,3.0303030303030303,100.0,Data Terlalu Sedikit
NORPN-INJ,Norephineprine Injeksi,AMPUL,33,1,26.0,0.7878787878787878,26.0,Data Terlalu Sedikit
NOVCH300,NOVACHLOR 300 MG,TAB,33,1,300.0,9.090909090909092,300.0,Data Terlalu Sedikit
NTG,INJ 10 NTG INJ 10 MG,BOX,33,1,10.0,0.30303030303030304,10.0,Data Terlalu Sedikit
NYSD-BERNO,Nystatin Drop - Berno,BOX,33,1,2.0,0.06060606060606061,2.0,Data Terlalu Sedikit
OB,MEJA MAYO/ OVER BED,UNIT,33,1,61.0,1.8484848484848484,61.0,Data Terlalu Sedikit
OBG,OBJEK GLASS,BOX,33,1,5.0,0.15151515151515152,5.0,Data Terlalu Sedikit
OBHIKA,OBH IKA 100ml,BTL,33,1,500.0,15.151515151515152,500.0,Data Terlalu Sedikit
OM,ODNER MAP,BUAH,33,2,62.0,1.878787878787879,50.0,Data Terlalu Sedikit
OME40MGINJ,OMEPRAZOLE SODIUM MONOHYDRATE 40mg SERBUK INJ,BOX,34,1,60.0,1.7647058823529411,60.0,Data Terlalu Sedikit
OME40MGINJ,OMEPRAZOLE SODIUM MONOHYDRATE 40mg SERBUK INJ,VIAL,35,4,2050.0,58.57142857142857,1000.0,Layak Diprediksi
OME40MGINJ-,OMEPRAZOLE SODIUM MONOHYDRATE 40mg BERNO SERBUK INJ - BERNO,VIAL,33,1,10.0,0.30303030303030304,10.0,Data Terlalu Sedikit
OMEPZ-,Omeprazole 20mg Errita 20ERRITA,BOX,33,1,5.0,0.15151515151515152,5.0,Data Terlalu Sedikit
OMZIFARS,OMEPRAZOLE IFARS,TAB,33,1,500.0,15.151515151515152,500.0,Data Terlalu Sedikit
ONDAN-INJ,Ondansetron injek,BOX,33,1,2.0,0.06060606060606061,2.0,Data Terlalu Sedikit
ONDAN4,- Inj Ondansetron 4mg Injeksi,AMPUL,34,2,1119.0,32.911764705882355,619.0,Data Terlalu Sedikit
ONDAN4,- Inj Ondansetron 4mg Injeksi,BOX,35,1,5.0,0.14285714285714285,5.0,Data Terlalu Sedikit
ONDAN4-INJ,Ondansetron 4mg Injek,AMPUL,33,1,500.0,15.151515151515152,500.0,Data Terlalu Sedikit
ONDAN8,- Inj Ondansetron 8mg Injeksi,AMPUL,33,1,500.0,15.151515151515152,500.0,Data Terlalu Sedikit
ONDAN8-INJ,Ondansetron 8mg Injek,AMPUL,33,1,500.0,15.151515151515152,500.0,Data Terlalu Sedikit
ONDC4,Ondancetron HCl Dihydrate 4 mg Kaplet Salut Selaput,TAB,33,2,1700.0,51.515151515151516,1200.0,Data Terlalu Sedikit
ONEMED,APRON ONE ISI 10 PCS,BOX,33,1,10.0,0.30303030303030304,10.0,Data Terlalu Sedikit
ONEMED-,"Catgut Chromic Uk. 2/0, HR-27, Tapper 75cm Catgut2",PCS,33,1,1.0,0.030303030303030304,1.0,Data Terlalu Sedikit
ONEMED-CATGUT,"Catgut Chromic Uk. 2/0, HR-27, Tapper 75cm 2",BOX,34,1,12.0,0.35294117647058826,12.0,Data Terlalu Sedikit
ONEMED-CATGUT,"Catgut Chromic Uk. 3/0, HR-27, Tapper 75cm 3",PCS,35,3,40.0,1.1428571428571428,20.0,Layak Diprediksi
ONEMED50,APRON ONE Box 50'S,PCS,33,1,1750.0,53.03030303030303,1750.0,Data Terlalu Sedikit
ORALT,ORALIT,BOX,33,1,2.0,0.06060606060606061,2.0,Data Terlalu Sedikit
OTO-L,OTORO LATEX FREE POWDER ''L'',BOX,33,25,3890.0,117.87878787878788,250.0,Layak Diprediksi
OTO-M,OTORO LATEX FREE POWDER ''M'',BOX,33,28,9292.0,281.57575757575756,580.0,Layak Diprediksi
OTR-S,OTORO LATEX FREE POWDER ''S'',BOX,33,29,11840.0,358.7878787878788,850.0,Layak Diprediksi
OTR-XS,OTORO LATEX FREE POWDER ''XS'',BOX,33,1,20.0,0.6060606060606061,20.0,Data Terlalu Sedikit
OTRP-L,OTORO LATEX POWDER ''L'',BOX,33,2,40.0,1.2121212121212122,30.0,Data Terlalu Sedikit
OTRP-M,OTORO LATEX POWDER ''M'',BOX,33,4,140.0,4.242424242424242,50.0,Layak Diprediksi
OTRP-S,OTORO LATEX POWDER ''S'',BOX,33,6,220.0,6.666666666666667,50.0,Layak Diprediksi
OXYINJ,OXYTOXIN INJ,AMPUL,33,1,20.0,0.6060606060606061,20.0,Data Terlalu Sedikit
P25,PENSIL 2B Stadler,PAK,33,1,2.0,0.06060606060606061,2.0,Data Terlalu Sedikit
PARTS-T,PARATUSIN TAB,BOX,33,1,1.0,0.030303030303030304,1.0,Data Terlalu Sedikit
PB5KG,PLASTIK BENING UK 5kg,PAK,33,1,5.0,0.15151515151515152,5.0,Data Terlalu Sedikit
PBSHLAS,Pembersih Lantai Aroma Sereh,PCS,33,1,15.0,0.45454545454545453,15.0,Data Terlalu Sedikit
PC,1.5 PCR 1.5 ONEMED,PAK,34,1,2.0,0.058823529411764705,2.0,Data Terlalu Sedikit
PC,"RKT15321 PC RAKITAN CORE I5 RAM 32GB, SSD 1TB",UNIT,35,1,4.0,0.11428571428571428,4.0,Data Terlalu Sedikit
PC-5L,PORCELAIN CLEANER 5L,DRIGEN,33,1,5.0,0.15151515151515152,5.0,Data Terlalu Sedikit
PCT-INFUS,Paracetamol 1 G/100ml Infus TD,BOX,33,4,1160.0,35.15151515151515,600.0,Layak Diprediksi
PCT120-60,Paracetamol 120 mg/60 ml Syr Bernofarm,BTL,33,2,250.0,7.575757575757576,200.0,Data Terlalu Sedikit
PE,H 40x60x05 PE HITAM K 40 X 60 X 05,KG,35,1,30.0,0.8571428571428571,30.0,Data Terlalu Sedikit
PE,H 90x120x05 PE HITAM K 90 X 120 X 05,KG,36,1,40.0,1.1111111111111112,40.0,Data Terlalu Sedikit
PE,H PE HITAM K 100 X 120 X 05 100X120X5 No TraPnEs aHksi Tanggal Kode Pel. Nama Pelanggan Alamat 100X120X5,KG,35,1,10.0,0.2857142857142857,10.0,Data Terlalu Sedikit
PE,K 40x60x05 PE KUNING 40 X 60 X 05,KG,36,1,30.0,0.8333333333333334,30.0,Data Terlalu Sedikit
PE,K 60X100X5 PE KUNING 60 X 100 X 05,KG,35,1,5.0,0.14285714285714285,5.0,Data Terlalu Sedikit
PEL-N703,PEL NAGOYA LARGE 703,BUAH,33,1,1.0,0.030303030303030304,1.0,Data Terlalu Sedikit
PELLAN,PEL LANTAI GAGANG,PCS,33,1,10.0,0.30303030303030304,10.0,Data Terlalu Sedikit
PEMPOR,PEMBERSIH PORSELEN,BOX,33,1,15.0,0.45454545454545453,15.0,Data Terlalu Sedikit
PEMUTIHPAKAI,Pemutih Pakaian AN,PCS,33,2,5.0,0.15151515151515152,3.0,Data Terlalu Sedikit
PENGKI,Pengki,PCS,33,2,14.0,0.42424242424242425,8.0,Data Terlalu Sedikit
PENLIGHT,PENLIGHT DELUXE ABN,PCS,33,1,2.0,0.06060606060606061,2.0,Data Terlalu Sedikit
PEWARNA,PEWARNA GRAM GRAM,BTL,34,1,1.0,0.029411764705882353,1.0,Data Terlalu Sedikit
PEWARNA,ZN PEWARNA ZIEHL NEELSEN,BTL,35,1,3.0,0.08571428571428572,3.0,Data Terlalu Sedikit
PG-30,PENGGARIS 30CM,BUAH,33,1,12.0,0.36363636363636365,12.0,Data Terlalu Sedikit
PGR-GAP,PENGHARUM RUANGAN GANTUNG APEL,PCS,33,1,15.0,0.45454545454545453,15.0,Data Terlalu Sedikit
PGR-GJER,PENGHARUM RUANGAN GANTUNG JERUK,PCS,33,1,15.0,0.45454545454545453,15.0,Data Terlalu Sedikit
PGR-GLAV,PENGHARUM RUANGAN GANTUNG LAVENDER,PCS,33,1,20.0,0.6060606060606061,20.0,Data Terlalu Sedikit
PHOTO-XHZ90,GEA Neonate Bilirubin Phototherapy XHZ-90,UNIT,33,1,2.0,0.06060606060606061,2.0,Data Terlalu Sedikit
PIGEON,BUBLBE CPAP WITH COMPRESSOR+TROLLEY+ACCESORRIES,UNIT,33,1,1.0,0.030303030303030304,1.0,Data Terlalu Sedikit
PIP,POST IT PLASTIK,BUAH,33,1,30.0,0.9090909090909091,30.0,Data Terlalu Sedikit
PIRAC1INJ-BERNO,Piracetam 1G Inj - Bernofarm,AMPUL,33,2,200.0,6.0606060606060606,100.0,Data Terlalu Sedikit
PIRAC3INJ-BERNO,Piracetam 3 G/15ml Inj - Bernofarm,BOX,33,1,10.0,0.30303030303030304,10.0,Data Terlalu Sedikit
PIRAC4-TRIFA,Piracetam 400 mg Tab Box @ 100 - Trifa,TAB,33,1,500.0,15.151515151515152,500.0,Data Terlalu Sedikit
PIROX10,Piroxicam 10 MG Nova,BOX,35,1,1.0,0.02857142857142857,1.0,Data Terlalu Sedikit
PIROX10,Piroxicam 10 MG Nova,TAB,34,1,500.0,14.705882352941176,500.0,Data Terlalu Sedikit
PIROXC20,Piroxicam 20mg Tab,BOX,33,1,2.0,0.06060606060606061,2.0,Data Terlalu Sedikit
PKSH40X60,Plastik Sampah Hitam 40x60,PAK,33,2,200.0,6.0606060606060606,150.0,Data Terlalu Sedikit
PKSH50X57,PLASTIK SAMPAH HITAM 50x57,PAK,33,2,155.0,4.696969696969697,130.0,Data Terlalu Sedikit
PKSH90X120,PLASTIK SAMPAH HITAM 90x120,PAK,33,2,110.0,3.3333333333333335,80.0,Data Terlalu Sedikit
PKSK40X60,PLASTIK SAMPAH KUNING 40x60,PAK,33,2,160.0,4.848484848484849,80.0,Data Terlalu Sedikit
PKSK90X120,PLASTIK SAMPAH KUNING 90x120,PAK,33,2,158.0,4.787878787878788,118.0,Data Terlalu Sedikit
PLELB,PLESTER LUKA BULAT,BOX,33,2,175.0,5.303030303030303,100.0,Data Terlalu Sedikit
PLESTER,ROL PLESTERIN ROL 5 CM X 5 CM 5X5,BOX,33,1,20.0,0.6060606060606061,20.0,Data Terlalu Sedikit
PLMS,PLASTIK MEDIS INFEKSIUS 100x120cm,PAK,33,1,40.0,1.2121212121212122,40.0,Data Terlalu Sedikit
PM,PENSIL MEKANIK,BUAH,33,1,12.0,0.36363636363636365,12.0,Data Terlalu Sedikit
PMLS125,Pamol Supp 125mg,SUPP,33,1,315.0,9.545454545454545,315.0,Data Terlalu Sedikit
PMNG,PEL MOP NAGATA,BUAH,33,1,1.0,0.030303030303030304,1.0,Data Terlalu Sedikit
PNDC,PANADOL CAPLET,TAB,33,1,500.0,15.151515151515152,500.0,Data Terlalu Sedikit
PNDEXT,PANADOL EXTRA,TAB,33,1,100.0,3.0303030303030303,100.0,Data Terlalu Sedikit
PO-4X6,PLASTIK OBAT UKURAN 4X6 CM,PAK,33,1,3500.0,106.06060606060606,3500.0,Data Terlalu Sedikit
PO-7X10,Plastik Obat Ukuran 7x10,PAK,33,1,450.0,13.636363636363637,450.0,Data Terlalu Sedikit
PO-8.7X13,Plastik Obat Ukuran 8.7x13,PAK,33,4,3650.0,110.60606060606061,1700.0,Layak Diprediksi
POT-KS,Pot Tutup Kuning Sterile,PCS,33,3,5000.0,151.5151515151515,2000.0,Layak Diprediksi
POT-URINENSH,Pot Urine Non-Sterile Tutup Hijau,PCS,33,1,1500.0,45.45454545454545,1500.0,Data Terlalu Sedikit
PP,PENGHAPUS PENSIL,PAK,33,1,1.0,0.030303030303030304,1.0,Data Terlalu Sedikit
PRAZ30,PRAZOTEC INJ 30MG,VIAL,33,5,1401.0,42.45454545454545,426.0,Layak Diprediksi
PRBCLE-M53,M53 PROBE CLEANSER,BTL,33,1,2.0,0.06060606060606061,2.0,Data Terlalu Sedikit
PRK,PLESTER ROLL KECIL,PCS,33,1,60.0,1.8181818181818181,60.0,Data Terlalu Sedikit
PRMETH-K5%,PERMETHRIN Krim 5%,TUBE,33,1,20.0,0.6060606060606061,20.0,Data Terlalu Sedikit
PROPN10,Propanolol 10mg Tab ( dexa ),TAB,33,1,1000.0,30.303030303030305,1000.0,Data Terlalu Sedikit
PROVI,PROVE VIT INJEKSI,AMPUL,33,1,4.0,0.12121212121212122,4.0,Data Terlalu Sedikit
PRS,PARTUS SET,SET,33,1,2.0,0.06060606060606061,2.0,Data Terlalu Sedikit
PSE,OX PULSE OXIMETER,UNIT,34,1,1.0,0.029411764705882353,1.0,Data Terlalu Sedikit
PSE,OXA PULSE OXYMETER ANAK,PCS,35,5,11.0,0.3142857142857143,4.0,Layak Diprediksi
PSH,PULPEN STANDARD HITAM,BOX,33,1,40.0,1.2121212121212122,40.0,Data Terlalu Sedikit
PTS-100,POT SALEP 100,PCS,33,1,150.0,4.545454545454546,150.0,Data Terlalu Sedikit
PTS-50,POT SALEP 50 GRAM,PAK,33,1,4.0,0.12121212121212122,4.0,Data Terlalu Sedikit
PTU100,Propylthiouracil 100mg (Dexa),BOX,34,1,8.0,0.23529411764705882,8.0,Data Terlalu Sedikit
PTU100,Propylthiouracil 100mg (Dexa),TAB,35,1,2500.0,71.42857142857143,2500.0,Data Terlalu Sedikit
PU,50 POT URINE 50 CC,BTL,33,1,300.0,9.090909090909092,300.0,Data Terlalu Sedikit
PULSE-,PULSE OXIMETER JPD-500D ONEHEALTH JPD500D,UNIT,33,1,2.0,0.06060606060606061,2.0,Data Terlalu Sedikit
PVI-300,POVIDONE IODINE 300ml,BTL,33,1,6.0,0.18181818181818182,6.0,Data Terlalu Sedikit
PVI-60,POVIDONE IODINE 60ml,BTL,33,2,960.0,29.09090909090909,480.0,Data Terlalu Sedikit
RANID-INJ,Ranitidine Injek,AMPUL,35,2,989.0,28.257142857142856,500.0,Data Terlalu Sedikit
RANID-INJ,Ranitidine Injek,BOX,34,2,7.0,0.20588235294117646,5.0,Data Terlalu Sedikit
RANIT150,Ranitidine 150mg Tab,BOX,33,2,51.0,1.5454545454545454,50.0,Data Terlalu Sedikit
RANITHJ,Ranitidin HJ Box @ 200s,TAB,33,2,3600.0,109.0909090909091,2600.0,Data Terlalu Sedikit
REFLOBBYDUS,REFILL LOBBY DUSTER 45 CM,PCS,33,1,5.0,0.15151515151515152,5.0,Data Terlalu Sedikit
RGR,REGULATOR,UNIT,33,1,10.0,0.30303030303030304,10.0,Data Terlalu Sedikit
RISDONE2,RISPERIDONE 2MG,BOX,33,1,30.0,0.9090909090909091,30.0,Data Terlalu Sedikit
RL5-BBR,RL 500ml - BBR,BTL,33,1,130.0,3.9393939393939394,130.0,Data Terlalu Sedikit
RP,RAUTAN PENSIL,PAK,33,1,1.0,0.030303030303030304,1.0,Data Terlalu Sedikit
RVN0.1%-300,RIVANOL 0.1% 300 ML,BTL,33,1,5.0,0.15151515151515152,5.0,Data Terlalu Sedikit
S,"2/0 27,75 BENANG SILK 2/0 27mm, 75cm",PCS,34,2,27.0,0.7941176470588235,26.0,Data Terlalu Sedikit
S,"3/0 27,75 BENANG SILK 3/0 27mm, 75cm",PCS,35,3,34.0,0.9714285714285714,30.0,Layak Diprediksi
SABPP,Sabun Pencuci Piring 5 Liter,DRIGEN,33,1,10.0,0.30303030303030304,10.0,Data Terlalu Sedikit
SABUNPIRING,SABUN PENCUCI PIRING,PCS,33,1,15.0,0.45454545454545453,15.0,Data Terlalu Sedikit
SALBTM-2IFI,Salbutamol 2mg Tab - IFI,BOX,33,1,1.0,0.030303030303030304,1.0,Data Terlalu Sedikit
SAPU,IJUK Sapu Ijuk Lantai,PCS,34,2,15.0,0.4411764705882353,10.0,Data Terlalu Sedikit
SAPU,LIDI Sapu Lidi Gagang,PCS,35,2,12.0,0.34285714285714286,10.0,Data Terlalu Sedikit
SAPULIDI,Sapu Lidi Kasur,PCS,33,1,3.0,0.09090909090909091,3.0,Data Terlalu Sedikit
SARINGANKOL,SARINGAN KOLAM AM,PCS,33,2,2.0,0.06060606060606061,1.0,Data Terlalu Sedikit
SAU,STRIP ASAM URAT,BOX,33,5,88.0,2.6666666666666665,30.0,Layak Diprediksi
SB,SERBET,PCS,33,1,10.0,0.30303030303030304,10.0,Data Terlalu Sedikit
SB5L,SAFETY BOX 5L + TALI KUNING,PCS,33,1,200.0,6.0606060606060606,200.0,Data Terlalu Sedikit
SC-E,Sabun Cream Ekonomi,BUAH,33,1,5.0,0.15151515151515152,5.0,Data Terlalu Sedikit
SC-FALCON,SET SC BEDAH LENGKAP FALCON,UNIT,33,1,2.0,0.06060606060606061,2.0,Data Terlalu Sedikit
SCP,SUCTION PUMP,UNIT,33,1,1.0,0.030303030303030304,1.0,Data Terlalu Sedikit
SCPP,Scopma Plus,BOX,33,1,1.0,0.030303030303030304,1.0,Data Terlalu Sedikit
SCRFS,Sucralfate Syr 100ml,BTL,33,2,356.0,10.787878787878787,350.0,Data Terlalu Sedikit
SCT,STRIP CHOLESTEROL,BOX,33,6,223.0,6.757575757575758,121.0,Layak Diprediksi
SCTM,SUCTION CONNECTING TUBE MAS,PCS,33,4,1100.0,33.333333333333336,500.0,Layak Diprediksi
SDHVSA470,SINAR DUNIA KERTAS HVS A4 70 GR,RIM,33,1,12.0,0.36363636363636365,12.0,Data Terlalu Sedikit
SDHVSA480,SINAR DUNIA KERTAS HVS A4 80 GR,RIM,33,2,84.0,2.5454545454545454,60.0,Data Terlalu Sedikit
SDHVSF470,SINAR DUNIA KERTAS HVS F4 70 GR,RIM,33,1,12.0,0.36363636363636365,12.0,Data Terlalu Sedikit
SDHVSF480,SINAR DUNIA KERTAS HVS F4 80 GR,RIM,33,2,84.0,2.5454545454545454,60.0,Data Terlalu Sedikit
SDKOP,SENDOK OBAT PUYER,BUAH,33,1,6.0,0.18181818181818182,6.0,Data Terlalu Sedikit
SDVAL250,Sodium Valproat Syr 250ml/5ml Bernofarm,BTL,33,1,5.0,0.15151515151515152,5.0,Data Terlalu Sedikit
SET-TAB0.5,SET TABUNG OKSIGEN 0.5 M3,SET,33,1,8.0,0.24242424242424243,8.0,Data Terlalu Sedikit
SGD,STRIP GULA DARAH,BOX,33,3,42.0,1.2727272727272727,20.0,Layak Diprediksi
SGDA,Strip Gula Darah Auto Check,BOX,33,1,32.0,0.9696969696969697,32.0,Data Terlalu Sedikit
SGJB,SIGNPRO JOYKO BIRU / BALLINER,PAK,33,2,10.0,0.30303030303030304,6.0,Data Terlalu Sedikit
SGM-400,SUSU SGM EXPLORE GAIN OPTIGROW 400GR,BOX,33,1,377.0,11.424242424242424,377.0,Data Terlalu Sedikit
SGMA-100,SUSU SGM ANANDA GAIN 100,BOX,33,1,47.0,1.4242424242424243,47.0,Data Terlalu Sedikit
SHB,STRIP HEMOGOBLIN (HB),BOX,33,4,130.0,3.9393939393939394,43.0,Layak Diprediksi
SHM-002,SHAMROCK LATEX POWDER ''S'',BOX,33,1,30.0,0.9090909090909091,30.0,Data Terlalu Sedikit
SHM-003,SHAMROCK LATEX POWDER ''M'',BOX,33,1,20.0,0.6060606060606061,20.0,Data Terlalu Sedikit
SHM-005,SHAMROCK LATEX FREE POWDER ''L'',BOX,33,3,450.0,13.636363636363637,225.0,Layak Diprediksi
SHM-006,"SHAMROCK LATEX FREE POWDER ""M""",BOX,33,4,1250.0,37.878787878787875,375.0,Layak Diprediksi
SHM-007,SHAMROCK LATEX FREE POWDER ''S'',BOX,33,4,1300.0,39.39393939393939,400.0,Layak Diprediksi
SHM-008,"SHAMROCK LATEX FREE POWDER '""XS''",BOX,33,2,20.0,0.6060606060606061,10.0,Data Terlalu Sedikit
SHMN-001,"SHAMROCK NITRILE EXAMINATION GLOVES POWDER FREE ""S""",BOX,33,1,20.0,0.6060606060606061,20.0,Data Terlalu Sedikit
SHMN-002,"SHAMROCK NITRILE EXAMINATION GLOVES POWDER FREE ""M""",BOX,33,1,20.0,0.6060606060606061,20.0,Data Terlalu Sedikit
SILEXSYRUP,SILEX SYRUP,BOX,33,1,10.0,0.30303030303030304,10.0,Data Terlalu Sedikit
SILICONE,Pad HECTING SUTURE SILICONE PAD 3 LAYERS,PCS,33,1,4.0,0.12121212121212122,4.0,Data Terlalu Sedikit
SIMV10,MG SIMVASTATIN 10 MG HJ,TAB,33,1,500.0,15.151515151515152,500.0,Data Terlalu Sedikit
SIMV20,Simvastatin 20 mg,BOX,34,1,2.0,0.058823529411764705,2.0,Data Terlalu Sedikit
SIMV20,Simvastatin 20 mg,TAB,35,1,3000.0,85.71428571428571,3000.0,Data Terlalu Sedikit
SK-500I,SYRINGE PUMP SK-500I,UNIT,33,1,7.0,0.21212121212121213,7.0,Data Terlalu Sedikit
SK-600I,INFUSIOM PUMP SK-600I,UNIT,33,1,9.0,0.2727272727272727,9.0,Data Terlalu Sedikit
SKBF-9502,Sikat Baju Fumi 9502 Homee,BUAH,33,1,2.0,0.06060606060606061,2.0,Data Terlalu Sedikit
SKLT-362,Sikat Lantai Tangkai Sydney SK-362 Gragon,BUAH,33,1,2.0,0.06060606060606061,2.0,Data Terlalu Sedikit
SKTF-9601,Sikat Toilet Felina 9601 Homee,BUAH,33,1,4.0,0.12121212121212122,4.0,Data Terlalu Sedikit
SLBTM2,Salbutamol 2mg Tab (Berno),BOX,34,1,30.0,0.8823529411764706,30.0,Data Terlalu Sedikit
SLBTM2,Salbutamol 2mg Tab (Berno),TAB,35,1,5000.0,142.85714285714286,5000.0,Data Terlalu Sedikit
SMSDM,SM SEDIMEN,BTL,33,1,1.0,0.030303030303030304,1.0,Data Terlalu Sedikit
SP,25 SPINOCAN 25,BOX,35,1,2.0,0.05714285714285714,2.0,Data Terlalu Sedikit
SP,27 SPINOCAN 27,BOX,35,1,2.0,0.05714285714285714,2.0,Data Terlalu Sedikit
SP,SYRINGE PUMP,UNIT,35,1,1.0,0.02857142857142857,1.0,Data Terlalu Sedikit
SP1,EX SYRINGE PUMP BeneFusion SP1 EX MINDRAY,UNIT,34,1,2.0,0.058823529411764705,2.0,Data Terlalu Sedikit
SP1,Water Tank 10lt Sparepart,PCS,35,1,3.0,0.08571428571428572,3.0,Data Terlalu Sedikit
SP2,Water Trap Filter Kompressor Sparepart Dental Unit,PCS,33,1,1.0,0.030303030303030304,1.0,Data Terlalu Sedikit
SP3,Handpiece Turbine Highspeed Sparepart Dental unit,PCS,33,1,1.0,0.030303030303030304,1.0,Data Terlalu Sedikit
SPDC-380,SUSU PEDIACOMPLETE 380GR VANILA,BOX,33,1,11.0,0.3333333333333333,11.0,Data Terlalu Sedikit
SPDP,SPIDOL PERMANENT,PCS,33,1,100.0,3.0303030303030303,100.0,Data Terlalu Sedikit
SPIR25,SPIROLA 25mg,BOX,33,2,111.0,3.3636363636363638,100.0,Data Terlalu Sedikit
SPON,SPON CUCI PIRING,PCS,33,2,22.0,0.6666666666666666,12.0,Data Terlalu Sedikit
SPRNL100,Spironolactone 100mg,TAB,33,1,500.0,15.151515151515152,500.0,Data Terlalu Sedikit
SPRNL25,Spironolactone 25mg,TAB,33,1,1000.0,30.303030303030305,1000.0,Data Terlalu Sedikit
SPSR-400,SUSU PEDIASURE 400GR ABBOT,BOX,33,1,84.0,2.5454545454545454,84.0,Data Terlalu Sedikit
SPSRGO-110,SUSU PEDIASURE GO 110ML,BOX,33,1,187.0,5.666666666666667,187.0,Data Terlalu Sedikit
SRGM,PDH SERAGAM PDH,PCS,33,1,27.0,0.8181818181818182,27.0,Data Terlalu Sedikit
SSC,8 SELANG SUCTION CHATETER NO.8,PCS,33,1,10.0,0.30303030303030304,10.0,Data Terlalu Sedikit
SSCP,Sabut Stainless Cuci Piring,PCS,33,1,10.0,0.30303030303030304,10.0,Data Terlalu Sedikit
SSRB,Sapu Sawang Rakbol Bulat Gragon,BUAH,33,1,2.0,0.06060606060606061,2.0,Data Terlalu Sedikit
SSSYX-01,STROMATOLYSER WH-500ML SYSMEX,BTL,33,1,3.0,0.09090909090909091,3.0,Data Terlalu Sedikit
ST,SOLATIPE,BUAH,33,1,24.0,0.7272727272727273,24.0,Data Terlalu Sedikit
STCP-GC,STETOSCOP GENERAL CARE,PCS,33,1,12.0,0.36363636363636365,12.0,Data Terlalu Sedikit
STN,STICK NOTES,BUAH,33,1,24.0,0.7272727272727273,24.0,Data Terlalu Sedikit
STP,STAPLER,BUAH,33,1,12.0,0.36363636363636365,12.0,Data Terlalu Sedikit
STRD-2.0,Stetoskop Riester Duplex 2.0,UNIT,33,1,1.0,0.030303030303030304,1.0,Data Terlalu Sedikit
SUCRAL100DEXA,Sucralfate 100ml Dexa,BTL,33,1,50.0,1.5151515151515151,50.0,Data Terlalu Sedikit
SURGICAL,SURGICAL TAPE PLESTER ISOPORE 1 INC TAPE PLESTER ISOPORE 1 INC,BOX,33,1,10.0,0.30303030303030304,10.0,Data Terlalu Sedikit
SV-006,Pemeliharaan Dental Unit Merk Ritter,PAKET,33,1,1.0,0.030303030303030304,1.0,Data Terlalu Sedikit
SYNOVENT,350 VENTILATOR MINDRAY SYNOVENT 350,UNIT,33,1,3.0,0.09090909090909091,3.0,Data Terlalu Sedikit
SYS-50,SYRINGE PUMP SYS 50 MEDCAPTAIN,UNIT,33,1,1.0,0.030303030303030304,1.0,Data Terlalu Sedikit
SYS-70,INFUSION PUMP SYS 70 MEDCAPTAIN,UNIT,33,1,1.0,0.030303030303030304,1.0,Data Terlalu Sedikit
SZYM5L,STERIZYME DUAL ENZYMATIC DETERGENT 5 L,DRIGEN,33,1,5.0,0.15151515151515152,5.0,Data Terlalu Sedikit
TABTTD,Tablet Tambah Darah Triman,TAB,33,1,500.0,15.151515151515152,500.0,Data Terlalu Sedikit
TABUNG,1 M3 TABUNG OKSIGEN 1 M3,UNIT,35,2,13.0,0.37142857142857144,10.0,Data Terlalu Sedikit
TABUNG,1.5 M3 TABUNG OKSIGEN 1.5 M3,UNIT,36,1,10.0,0.2777777777777778,10.0,Data Terlalu Sedikit
TABUNG,1m3 TABUNG OKSIGEN 1m3 + REGULATOR + TROLL,UNIT,35,2,9.0,0.2571428571428571,6.0,Data Terlalu Sedikit
TABUNG,6M3 TABUNG OKSIGEN 6M3,UNIT,35,1,24.0,0.6857142857142857,24.0,Data Terlalu Sedikit
TABUNG,6m3 TABUNG OKSIGEN 6m3 + REGULATOR + TROLL,UNIT,36,2,54.0,1.5,30.0,Data Terlalu Sedikit
TBM,TIMBANGAN BADAN MANUAL,UNIT,33,1,6.0,0.18181818181818182,6.0,Data Terlalu Sedikit
TC,HS 5 TWIN CARE HANDSANITIZER 5 LITER,GR,33,1,4.0,0.12121212121212122,4.0,Data Terlalu Sedikit
TC-HANDSOAP,TWIN CARE HANDSOAP AROMA KEMASAN 5 LITER,DRIGEN,33,2,25.0,0.7575757575757576,15.0,Data Terlalu Sedikit
TCH-500,TWIN CARE HANDSANITIZER 500 ML PUMP,BTL,33,1,24.0,0.7272727272727273,24.0,Data Terlalu Sedikit
TERMIC10,TERMISIL CREAM 10 GRAM,TUBE,33,1,7.0,0.21212121212121213,7.0,Data Terlalu Sedikit
TERUMO,TERAFUSION Syirnge Pump Type SS3-TE*SS730,UNIT,33,1,20.0,0.6060606060606061,20.0,Data Terlalu Sedikit
TESTKH,STRIP TEST KEHAMILAN,BOX,33,1,10.0,0.30303030303030304,10.0,Data Terlalu Sedikit
TETAGAM,INJ 1 TETAGAM P. PREFILLED INJ 1 ML,BOX,33,1,4.0,0.12121212121212122,4.0,Data Terlalu Sedikit
TG,TUSUK GIGI,PAK,33,1,2.0,0.06060606060606061,2.0,Data Terlalu Sedikit
THERM,STAND THERMOMETER INFRARED STANDING,UNIT,34,1,1.0,0.029411764705882353,1.0,Data Terlalu Sedikit
THERM,TERMOMETER HEAD YUWELL YHW 1 YUWELL,UNIT,35,1,5.0,0.14285714285714285,5.0,Data Terlalu Sedikit
THROM20GR,Thrombopop 20gr Gel,TUBE,33,1,5.0,0.15151515151515152,5.0,Data Terlalu Sedikit
THT,THT SET,SET,33,1,1.0,0.030303030303030304,1.0,Data Terlalu Sedikit
TINEP01-B,TINTA EPSON 001 BIRU,BOX,33,1,3.0,0.09090909090909091,3.0,Data Terlalu Sedikit
TINEP01-H,TINTA EPSON 001 HITAM,BOX,33,1,3.0,0.09090909090909091,3.0,Data Terlalu Sedikit
TINEP01-K,TINTA EPSON 001 KUNING,BOX,33,1,3.0,0.09090909090909091,3.0,Data Terlalu Sedikit
TINEP01-M,TINTA EPSON 001 MAGENTA,BOX,33,1,3.0,0.09090909090909091,3.0,Data Terlalu Sedikit
TINEP03-B,TINTA EPSON 003 BIRU,BOX,33,1,7.0,0.21212121212121213,7.0,Data Terlalu Sedikit
TINEP03-H,TINTA EPSON 003 HITAM,BOX,33,1,7.0,0.21212121212121213,7.0,Data Terlalu Sedikit
TINEP03-K,TINTA EPSON 003 KUNING,BOX,33,1,7.0,0.21212121212121213,7.0,Data Terlalu Sedikit
TINEP03-M,TINTA EPSON 003 MAGENTA,BOX,33,1,7.0,0.21212121212121213,7.0,Data Terlalu Sedikit
TINEP120-B,TINTA EPSON L120 BIRU,BTL,33,1,2.0,0.06060606060606061,2.0,Data Terlalu Sedikit
TINEP120-H,TINTA EPSON L120 HITAM,BTL,33,1,2.0,0.06060606060606061,2.0,Data Terlalu Sedikit
TINEP120-K,TINTA EPSON L120 KUNING,BTL,33,1,2.0,0.06060606060606061,2.0,Data Terlalu Sedikit
TINEP120-M,TINTA EPSON L120 MERAH,BTL,33,1,2.0,0.06060606060606061,2.0,Data Terlalu Sedikit
TISU,TISSUE,PAK,33,1,130.0,3.9393939393939394,130.0,Data Terlalu Sedikit
TISUGT,Tissue Gulung Toilet,BUAH,35,1,150.0,4.285714285714286,150.0,Data Terlalu Sedikit
TISUGT,Tissue Gulung Toilet,PAK,34,1,50.0,1.4705882352941178,50.0,Data Terlalu Sedikit
TISUHT,Tissue Hand Towel,PAK,33,2,120.0,3.6363636363636362,100.0,Data Terlalu Sedikit
TISUJ250,TISSUE JOLLY 250 SHEET,PAK,33,1,50.0,1.5151515151515151,50.0,Data Terlalu Sedikit
TISUR250,Tissue Refil 250 Sheet,BUAH,33,1,150.0,4.545454545454546,150.0,Data Terlalu Sedikit
TISUS250,Tissue SEE U 250 Sheet,PAK,33,1,50.0,1.5151515151515151,50.0,Data Terlalu Sedikit
TMJ-001,TENSI METER JARUM MANUAL,UNIT,33,1,13.0,0.3939393939393939,13.0,Data Terlalu Sedikit
TMJG-M,TENSIMETER DIGITAL MICROLIFE,PCS,33,1,12.0,0.36363636363636365,12.0,Data Terlalu Sedikit
TNTSOB,Tinta Stempel Otomatis Biru,PCS,33,1,1.0,0.030303030303030304,1.0,Data Terlalu Sedikit
TNTSOM,Tinta Stempel Otomatis Merah,PCS,33,1,1.0,0.030303030303030304,1.0,Data Terlalu Sedikit
TNTSOU,Tinta Stempel Otomatis Ungu,PCS,33,1,3.0,0.09090909090909091,3.0,Data Terlalu Sedikit
TPTS240,TEMPAT SAMPAH 240L,UNIT,33,1,1.0,0.030303030303030304,1.0,Data Terlalu Sedikit
TPTSI20,Tempat Sampah Injak 20 Liter,UNIT,33,1,20.0,0.6060606060606061,20.0,Data Terlalu Sedikit
TPTSI25,Tempat Sampah Injak 25 Liter,UNIT,33,1,10.0,0.30303030303030304,10.0,Data Terlalu Sedikit
TPTSR50,Tempat Sampah Roda 50 Liter,BUAH,33,1,1.0,0.030303030303030304,1.0,Data Terlalu Sedikit
TRIAMCT,Trifamycetin Oint,TUBE,33,1,400.0,12.121212121212121,400.0,Data Terlalu Sedikit
TRL,2 TROLY 2 SUSUN STAINLESS,UNIT,33,2,5.0,0.15151515151515152,4.0,Data Terlalu Sedikit
TRLC10-INJ,Trilac 10 Injeksi,BOX,33,1,5.0,0.15151515151515152,5.0,Data Terlalu Sedikit
TRMZ-TAB,Tremenza Tablet,TAB,33,1,3000.0,90.9090909090909,3000.0,Data Terlalu Sedikit
TRO0.5,TROLLY OKSIGEN 0.5 M3,UNIT,33,1,8.0,0.24242424242424243,8.0,Data Terlalu Sedikit
TROLI,TROLI KEBERSIHAN,UNIT,33,2,2.0,0.06060606060606061,1.0,Data Terlalu Sedikit
TROLKG,TROLLY EKG,UNIT,33,1,2.0,0.06060606060606061,2.0,Data Terlalu Sedikit
TS-02,T SILK 2/0 S25,BOX,33,1,3.0,0.09090909090909091,3.0,Data Terlalu Sedikit
"TV42""",TV 42 INC,UNIT,33,1,1.0,0.030303030303030304,1.0,Data Terlalu Sedikit
UBG,URINE BAG,PCS,33,1,50.0,1.5151515151515151,50.0,Data Terlalu Sedikit
UFIX,Ultrafix Medical 10x5,BOX,33,2,210.0,6.363636363636363,200.0,Data Terlalu Sedikit
UFIX5,ULTRAFIX MEDICAL 5X5,BOX,33,4,86.0,2.606060606060606,51.0,Layak Diprediksi
UMB,UMBLICAL CORD KLEM BOX@50PCS,BOX,33,1,10.0,0.30303030303030304,10.0,Data Terlalu Sedikit
UP-001,UNDERPAD,PAK,33,1,52.0,1.5757575757575757,52.0,Data Terlalu Sedikit
URO400,Urotractine Tab,TAB,33,2,1380.0,41.81818181818182,1020.0,Data Terlalu Sedikit
URS-10T,URINE STRIP 10U,BTL,33,3,16.0,0.48484848484848486,6.0,Layak Diprediksi
USKAC250,URSODEOKSIKHOLIK ACID 250mg,BOX,33,1,50.0,1.5151515151515151,50.0,Data Terlalu Sedikit
VALS,160 VALSARTAN 160MG,BOX,35,1,50.0,1.4285714285714286,50.0,Data Terlalu Sedikit
VALS,80 VALSARTAN 80MG,BOX,35,1,1.0,0.02857142857142857,1.0,Data Terlalu Sedikit
VALS,80 VALSARTAN 80MG,TAB,35,1,300.0,8.571428571428571,300.0,Data Terlalu Sedikit
VCMC,60 VACUM CUP 60 MM,UNIT,33,1,1.0,0.030303030303030304,1.0,Data Terlalu Sedikit
VECCAP,VECTRINE 300 MG,BOX,33,1,6.0,0.18181818181818182,6.0,Data Terlalu Sedikit
"VEN-NEB2,5","VENTOLIN NEBULES 2,5MG",BOX,35,1,2.0,0.05714285714285714,2.0,Data Terlalu Sedikit
"VEN-NEB2,5","VENTOLIN NEBULES 2,5MG",VIAL,34,1,30.0,0.8823529411764706,30.0,Data Terlalu Sedikit
VES,Vesperum Tab,BOX,33,1,1.0,0.030303030303030304,1.0,Data Terlalu Sedikit
VETO,5 VETO DISINFECTANT DRIGENT 5 LITER,GR,33,1,1.0,0.030303030303030304,1.0,Data Terlalu Sedikit
VGEN-10,GENSET VGEN 10 KVA,SET,33,1,1.0,0.030303030303030304,1.0,Data Terlalu Sedikit
VIEWER,POLY VIEWER POLY 069 DOUBLE (20 WATT SLIM) 069,UNIT,33,1,1.0,0.030303030303030304,1.0,Data Terlalu Sedikit
VIT,B 12 Vitamin B 12 50mcg Tab (AFI),BOX,35,2,246.0,7.0285714285714285,198.0,Data Terlalu Sedikit
VIT,B Com Vitamin B Complex,BTL,35,1,1.0,0.02857142857142857,1.0,Data Terlalu Sedikit
VIT,B Comx Vitamin B Complex (HOLI),BOX,36,1,5.0,0.1388888888888889,5.0,Data Terlalu Sedikit
VIT,B Comxn Vitamin B Complex (NOVA),BOX,35,1,33.0,0.9428571428571428,33.0,Data Terlalu Sedikit
VITZMP,Vitazym Plus,BOX,33,1,1.0,0.030303030303030304,1.0,Data Terlalu Sedikit
VMTFT10,VOMETA FT 10MG,BOX,33,1,1.0,0.030303030303030304,1.0,Data Terlalu Sedikit
VOSETAB,VOSEA TAB,TAB,33,1,200.0,6.0606060606060606,200.0,Data Terlalu Sedikit
WATO,20 MINDRAY MESIN ANESTESI WATO 20,UNIT,33,1,2.0,0.06060606060606061,2.0,Data Terlalu Sedikit
WCD,WEAPER KACA DRAGON,PCS,33,1,5.0,0.15151515151515152,5.0,Data Terlalu Sedikit
WIDAL,"GLORY TESTDIAGNOSTICS WIDAL SET 8 ( O,H,AO,BO,CO,AH,BH,CH)",PAK,33,1,4.0,0.12121212121212122,4.0,Data Terlalu Sedikit
WIDAL-02,"FORTRESS Widal Test (S. typhi H, O, S. para typhi A(H), B(H), A(O), B(O), C(H), dan C(O), with control positif and negatif",SET,33,1,5.0,0.15151515151515152,5.0,Data Terlalu Sedikit
WTRFI50,WATER FOR INJECTION 50ML INJ,VIAL,33,1,100.0,3.0303030303030303,100.0,Data Terlalu Sedikit
YK-8000B,PATIEN MONITOR YONKER 8000B,UNIT,33,2,10.0,0.30303030303030304,7.0,Data Terlalu Sedikit
YMD4K-M96,TV Stick 4K HD Smart Android 13 Ram 2GB Rom 16GB,UNIT,33,1,1.0,0.030303030303030304,1.0,Data Terlalu Sedikit
YTK-OBGYN,SARUNG TANGAN OBGYN STERIL YUTAKA,PAIRS,33,1,20.0,0.6060606060606061,20.0,Data Terlalu Sedikit
YUWELL,YT1 TERMOMETER HEAD YUWELL YT 1,UNIT,33,1,5.0,0.15151515151515152,5.0,Data Terlalu Sedikit
YX-930D,SUCTION DEWASA,UNIT,33,1,3.0,0.09090909090909091,3.0,Data Terlalu Sedikit
ZINCS60-BERNO,Zinc Sulfate 60ml Syr - Berno,BOX,33,1,50.0,1.5151515151515151,50.0,Data Terlalu Sedikit
ZINCTAB,Zinc Tab Holi,TAB,33,1,500.0,15.151515151515152,500.0,Data Terlalu Sedikit
ZINK60ML,ZINC SYRUP MEPRO,BTL,33,1,50.0,1.5151515151515151,50.0,Data Terlalu Sedikit
ZLV4,Ziloven 4mg Tab,TAB,33,1,500.0,15.151515151515152,500.0,Data Terlalu Sedikit
ZT-120,TIMBANGAN BADAN DAN PENGUKUR TINGGI,UNIT,33,1,1.0,0.030303030303030304,1.0,Data Terlalu Sedikit
