Periode,Kode Item,Nama Item,Satuan Standar,Aktual,Lag_1,Lag_2,Lag_3,Lag_6,Lag_12,Rolling_Mean_3,Rolling_Max_3,Rolling_Min_3,Rolling_Mean_6,Rolling_Mean_12,Prediksi_SMA,Prediksi_Decision_Tree,Error_SMA,Error_Decision_Tree,Error_Persen_SMA,Error_Persen_Decision_Tree
2025-06,1CC,SPUIT 1 CC,BOX,0.0,0.0,0.0,0.0,0.0,0.0,0.0,0.0,0.0,0.0,0.0,0.0,5.052818991097923,0.0,5.052818991097923,,
2025-06,2121-0034-02,"INOCULATION LOOPS, FLEXIBLE, 10μL+INCORPORATED NEEDLE, ABS MATERIAL, BLUE COLOR. 1PC/PEEL-PK, GAMMA STERILE",BOX,0.0,0.0,0.0,0.0,0.0,0.0,0.0,0.0,0.0,0.0,0.0,0.0,5.052818991097923,0.0,5.052818991097923,,
2025-06,268,Cefadroxil Monohydrate 500mg Kapsul Bernofarm,BOX,3.0,0.0,0.0,0.0,0.0,0.0,0.0,0.0,0.0,0.0,0.0,0.0,5.052818991097923,3.0,2.052818991097923,100.0,68.4272997032641
2025-06,268,Cefadroxil Monohydrate 500mg Kapsul Bernofarm,TAB,0.0,3.0,0.0,0.0,0.0,0.0,1.0,3.0,0.0,0.5,0.25,1.0,5.052818991097923,1.0,5.052818991097923,,
2025-06,3,CC SPUIT 3 CC,BOX,0.0,0.0,0.0,0.0,0.0,0.0,0.0,0.0,0.0,0.0,2.5,0.0,5.052818991097923,0.0,5.052818991097923,,
2025-06,367856,"TUBE EDTA PLH 13X75, 3.0",BOX,35.0,20.0,20.0,20.0,30.0,0.0,20.0,20.0,20.0,26.666666666666668,25.0,20.0,5.052818991097923,15.0,29.947181008902078,42.857142857142854,85.5633743111488
2025-06,367957,"TUBE SST II PLH 13X75, 3.5",BOX,30.0,20.0,30.0,20.0,20.0,0.0,23.33333333333333,30.0,20.0,26.666666666666668,25.0,23.33333333333333,5.052818991097923,6.666666666666671,24.947181008902078,22.22222222222224,83.1572700296736
2025-06,4004-0805,"CYLINDRICAL TEST TUBE, PLAIN, VOL.5ML/12X75MM, PS MATERIAL",CARTON,0.0,0.0,0.0,0.0,0.0,0.0,0.0,0.0,0.0,0.0,0.0,0.0,5.052818991097923,0.0,5.052818991097923,,
2025-06,4330-0004-02,"Blue Tips,VOL.1000μl,Eppendorf/Universal type,PP material BAG",ZIP-LOCK,0.0,0.0,0.0,0.0,0.0,0.0,0.0,0.0,0.0,0.0,0.0,0.0,5.052818991097923,0.0,5.052818991097923,,
2025-06,4330-0012-02,"Blue Tips,Gilson/Universal type,VOL.1000μl,graduated at 100/250/500/100μl,PP BAG material",ZIP-LOCK,0.0,0.0,0.0,0.0,0.0,0.0,0.0,0.0,0.0,0.0,0.0,0.0,5.052818991097923,0.0,5.052818991097923,,
2025-06,4330-0016-17,"Yellow Tips,VOL.200μl,Eppendorf/Universal type,PP material",BOX,0.0,0.0,0.0,0.0,0.0,0.0,0.0,0.0,0.0,0.0,0.0,0.0,5.052818991097923,0.0,5.052818991097923,,
2025-06,4330-0023,"Pipet Tips,eppendorf type,VOL.10μl,PP material,Natural color",POLYBAG,0.0,0.0,0.0,0.0,0.0,0.0,0.0,0.0,0.0,0.0,0.0,0.0,5.052818991097923,0.0,5.052818991097923,,
2025-06,4610-1924,"Centrifuge Tube, PP material, conical bottom, Vol.15ml/17x120mm, BLUE printed graduation from 1.5ml to 15ml/graduation interval 0.5ml. Screw cap leakage-proof, GREY color. DNase-free, RNase-free, Non-Pyrogen, Assembled, E.O. sterile, individual flow-pack, 50pcs/box",CARTON,0.0,0.0,0.0,0.0,0.0,0.0,0.0,0.0,0.0,0.0,0.0,0.0,5.052818991097923,0.0,5.052818991097923,,
2025-06,5,CC SPUIT 5 CC,BOX,0.0,0.0,0.0,0.0,0.0,0.0,0.0,0.0,0.0,0.0,0.0,0.0,5.052818991097923,0.0,5.052818991097923,,
2025-06,615,Paracetamol 500 mg Kaplet,TAB,400.0,0.0,0.0,0.0,0.0,0.0,0.0,0.0,0.0,0.0,0.0,0.0,5.052818991097923,400.0,394.9471810089021,100.0,98.73679525222552
2025-06,AKHL,70% 1L ALKOHOL 70% 1 LITER,BTL,0.0,0.0,0.0,0.0,0.0,0.0,0.0,0.0,0.0,0.0,0.0,0.0,5.052818991097923,0.0,5.052818991097923,,
2025-06,AMD,5mg Amlodipine 5mg,BOX,1.0,0.0,0.0,0.0,0.0,0.0,0.0,0.0,0.0,0.0,0.0,0.0,5.052818991097923,1.0,4.052818991097923,100.0,405.28189910979233
2025-06,AS,ALKOHOL SWAB,BOX,0.0,0.0,0.0,0.0,0.0,50.0,0.0,0.0,0.0,0.0,4.166666666666667,0.0,5.052818991097923,0.0,5.052818991097923,,
2025-06,ASWAG60,Ashwagandha+ 60 Kapsul,BTL,0.0,0.0,0.0,0.0,0.0,0.0,0.0,0.0,0.0,0.0,0.0,0.0,5.052818991097923,0.0,5.052818991097923,,
2025-06,ATM-RTA,ALTAMED COVID-19 RAPID TEST KIT ANTIGEN @25 PCS,BOX,0.0,0.0,0.0,0.0,0.0,25.0,0.0,0.0,0.0,0.0,6.083333333333333,0.0,5.052818991097923,0.0,5.052818991097923,,
2025-06,BISPRO2.5,Bisoprolol Tab 2.5mg Bernofarm,TAB,0.0,0.0,0.0,0.0,0.0,0.0,0.0,0.0,0.0,0.0,0.0,0.0,5.052818991097923,0.0,5.052818991097923,,
2025-06,CEFIX100,Cefixime Trihydrate 100mg Tss Bernofarm,BOX,3.0,0.0,0.0,0.0,0.0,0.0,0.0,0.0,0.0,0.0,0.0,0.0,5.052818991097923,3.0,2.052818991097923,100.0,68.4272997032641
2025-06,CIFLX,Tab CIPROFLOXACIN TAB,BOX,0.0,0.0,0.0,0.0,0.0,0.0,0.0,0.0,0.0,0.0,0.0,0.0,5.052818991097923,0.0,5.052818991097923,,
2025-06,DEXAMETHMUL,Dexametasone 0.5 '200tab,BOX,1.0,0.0,0.0,0.0,0.0,0.0,0.0,0.0,0.0,0.0,0.0,0.0,5.052818991097923,1.0,4.052818991097923,100.0,405.28189910979233
2025-06,DOMPS,Domperidone 5mg/5ml Syr Bernofarm,BTL,6.0,0.0,0.0,0.0,0.0,0.0,0.0,0.0,0.0,0.0,0.0,0.0,5.052818991097923,6.0,0.9471810089020769,100.0,15.786350148367948
2025-06,IV,20G IV CHATETER NO 20G,PCS,0.0,0.0,0.0,0.0,0.0,0.0,0.0,0.0,0.0,0.0,0.0,0.0,5.052818991097923,0.0,5.052818991097923,,
2025-06,IV,22G IV CHATETER NO 22G,PCS,50.0,0.0,0.0,0.0,0.0,0.0,0.0,0.0,0.0,0.0,0.0,0.0,5.052818991097923,50.0,44.94718100890208,100.0,89.89436201780416
2025-06,IV,24G IV CHATETER NO 24G,PCS,50.0,50.0,0.0,0.0,0.0,0.0,16.666666666666668,50.0,0.0,8.333333333333334,4.166666666666667,16.666666666666668,5.052818991097923,33.33333333333333,44.94718100890208,66.66666666666666,89.89436201780416
2025-06,KLP-10X10,Kassa Lipat Polos 10cm x 10cm,PAK,0.0,100.0,50.0,0.0,65.0,50.0,50.0,100.0,0.0,45.833333333333336,47.083333333333336,50.0,5.052818991097923,50.0,5.052818991097923,,
2025-06,KLP-5X5,Kassa Lipat Polos 5cm x 5cm (400 pcs),PAK,14.0,10.0,0.0,0.0,10.0,0.0,3.333333333333333,10.0,0.0,12.5,9.583333333333334,3.333333333333333,5.052818991097923,10.666666666666668,8.947181008902078,76.1904761904762,63.908435777871986
2025-06,"KLP-7,5X7,5","Kassa Lipat Polos 7,5cm x 7,5cm",PAK,20.0,50.0,90.0,0.0,100.0,50.0,46.66666666666666,90.0,0.0,55.0,53.75,46.66666666666666,68.6046511627907,26.666666666666657,48.6046511627907,133.3333333333333,243.0232558139535
2025-06,KLX-R,Kassa Lipat X-Ray 10cm x 10cm,PAK,0.0,20.0,0.0,0.0,0.0,0.0,6.666666666666667,20.0,0.0,3.333333333333333,9.166666666666666,6.666666666666667,5.052818991097923,6.666666666666667,5.052818991097923,,
2025-06,LEVOTAB,LEVOPAR TAB,BOX,30.0,0.0,0.0,0.0,20.0,0.0,0.0,0.0,0.0,6.666666666666667,6.666666666666667,0.0,5.052818991097923,30.0,24.947181008902078,100.0,83.1572700296736
2025-06,LEVXC500-INF,Levofloxacin Infus 500MG/100ML,BTL,0.0,0.0,0.0,0.0,0.0,0.0,0.0,0.0,0.0,0.0,0.0,0.0,5.052818991097923,0.0,5.052818991097923,,
2025-06,LGN-RTA,LUNGENE COVID-19 ANTIGEN RAPID TEST,BOX,0.0,20.0,0.0,0.0,20.0,0.0,6.666666666666667,20.0,0.0,10.0,6.666666666666667,6.666666666666667,5.052818991097923,6.666666666666667,5.052818991097923,,
2025-06,MASFP-6.5,SURGICAL GLOVE STERILE FREE POWDER 6.5 MAS,PCS,0.0,0.0,800.0,400.0,0.0,0.0,400.0,800.0,0.0,333.3333333333333,166.66666666666666,400.0,400.0,400.0,400.0,,
2025-06,MASFP-7,SURGICAL GLOVE STERILE FREE POWDER 7 MAS,PCS,0.0,0.0,800.0,400.0,0.0,0.0,400.0,800.0,0.0,333.3333333333333,166.66666666666666,400.0,400.0,400.0,400.0,,
2025-06,MASFP-7.5,SURGICAL GLOVE STERILE FREE POWDER 7.5 MAS,PCS,0.0,0.0,800.0,400.0,0.0,0.0,400.0,800.0,0.0,333.3333333333333,166.66666666666666,400.0,400.0,400.0,400.0,,
2025-06,METHYL125,Inj METHYLPREDNISOLON 125MG INJ,BOX,1.0,0.0,0.0,0.0,0.0,0.0,0.0,0.0,0.0,0.0,0.0,0.0,5.052818991097923,1.0,4.052818991097923,100.0,405.28189910979233
2025-06,METR500,Metronidazole 500mg Tab,TAB,0.0,1.0,0.0,0.0,0.0,0.0,0.3333333333333333,1.0,0.0,0.1666666666666666,0.0833333333333333,0.3333333333333333,5.052818991097923,0.3333333333333333,5.052818991097923,,
2025-06,METRDI500,Metronidazole Infus 500mg/100ml,BTL,0.0,0.0,0.0,0.0,200.0,0.0,0.0,0.0,0.0,33.333333333333336,16.666666666666668,0.0,5.052818991097923,0.0,5.052818991097923,,
2025-06,MK04-115,ELECTROSURGICAL PENCIL MK04-115,PCS,300.0,0.0,300.0,0.0,230.0,0.0,100.0,300.0,0.0,188.33333333333331,156.66666666666666,100.0,316.6666666666667,200.0,16.666666666666686,66.66666666666666,5.5555555555555625
2025-06,MK08-503B,STERILE SAFETY LANCET MK08-503B,BOX,2.0,0.0,0.0,75.0,65.0,0.0,25.0,75.0,0.0,30.83333333333333,24.58333333333333,25.0,5.052818991097923,23.0,3.052818991097923,1150.0,152.64094955489617
2025-06,MK08-565,MASKER MULTI ONE PLUS 3PLY EARLOOP,BOX,0.0,0.0,0.0,300.0,35.0,0.0,100.0,300.0,0.0,72.5,56.25,100.0,5.052818991097923,100.0,5.052818991097923,,
2025-06,MK09-135,NASAL OXYGEN CANNULA ADULT,PCS,0.0,0.0,0.0,0.0,300.0,0.0,0.0,0.0,0.0,150.0,75.0,0.0,5.052818991097923,0.0,5.052818991097923,,
2025-06,MK09-231,LATEX FOLEY CATHETER 2-WAY FR16,PCS,200.0,0.0,0.0,0.0,0.0,0.0,0.0,0.0,0.0,0.0,0.0,0.0,5.052818991097923,200.0,194.94718100890208,100.0,97.47359050445104
2025-06,NM-USGG5L,NAM MEDICAL ULTRASOUND GEL 5,DRIGEN,0.0,0.0,0.0,0.0,0.0,0.0,0.0,0.0,0.0,0.0,0.0,0.0,5.052818991097923,0.0,5.052818991097923,,
2025-06,OME40MGINJ,OMEPRAZOLE SODIUM MONOHYDRATE 40mg SERBUK INJ,VIAL,0.0,0.0,0.0,60.0,0.0,0.0,20.0,60.0,0.0,10.0,5.0,20.0,5.052818991097923,20.0,5.052818991097923,,
2025-06,ONEMED-CATGUT,"Catgut Chromic Uk. 3/0, HR-27, Tapper 75cm 3",PCS,0.0,0.0,0.0,0.0,0.0,0.0,0.0,0.0,0.0,0.0,0.0,0.0,5.052818991097923,0.0,5.052818991097923,,
2025-06,OTO-L,OTORO LATEX FREE POWDER ''L'',BOX,100.0,150.0,0.0,250.0,150.0,150.0,133.33333333333334,250.0,0.0,108.33333333333331,136.66666666666666,133.33333333333334,124.2,33.33333333333334,24.200000000000003,33.33333333333334,24.200000000000003
2025-06,OTO-M,OTORO LATEX FREE POWDER ''M'',BOX,300.0,400.0,0.0,500.0,520.0,250.0,300.0,500.0,0.0,278.3333333333333,285.0,300.0,285.64285714285717,0.0,14.357142857142833,0.0,4.785714285714278
2025-06,OTR-S,OTORO LATEX FREE POWDER ''S'',BOX,390.0,500.0,0.0,550.0,600.0,300.0,350.0,550.0,0.0,325.0,362.5,350.0,285.64285714285717,40.0,104.35714285714283,10.256410256410255,26.758241758241752
2025-06,OTRP-M,OTORO LATEX POWDER ''M'',BOX,0.0,0.0,30.0,0.0,0.0,0.0,10.0,30.0,0.0,13.333333333333334,6.666666666666667,10.0,5.052818991097923,10.0,5.052818991097923,,
2025-06,OTRP-S,OTORO LATEX POWDER ''S'',BOX,40.0,0.0,40.0,10.0,0.0,0.0,16.666666666666668,40.0,0.0,16.666666666666668,8.333333333333334,16.666666666666668,5.052818991097923,23.333333333333332,34.94718100890208,58.33333333333333,87.3679525222552
2025-06,PCT-INFUS,Paracetamol 1 G/100ml Infus TD,BOX,0.0,600.0,0.0,0.0,0.0,0.0,200.0,600.0,0.0,100.0,50.0,200.0,285.64285714285717,200.0,285.64285714285717,,
2025-06,PO-8.7X13,Plastik Obat Ukuran 8.7x13,PAK,0.0,0.0,0.0,0.0,0.0,0.0,0.0,0.0,0.0,0.0,208.33333333333331,0.0,80.95238095238095,0.0,80.95238095238095,,
2025-06,POT-KS,Pot Tutup Kuning Sterile,PCS,1000.0,0.0,0.0,0.0,0.0,0.0,0.0,0.0,0.0,0.0,0.0,0.0,5.052818991097923,1000.0,994.947181008902,100.0,99.4947181008902
2025-06,PRAZ30,PRAZOTEC INJ 30MG,VIAL,0.0,0.0,0.0,0.0,350.0,0.0,0.0,0.0,0.0,175.16666666666666,116.75,0.0,5.052818991097923,0.0,5.052818991097923,,
2025-06,PSE,OXA PULSE OXYMETER ANAK,PCS,0.0,0.0,0.0,0.0,0.0,2.0,0.0,0.0,0.0,0.0,0.1666666666666666,0.0,5.052818991097923,0.0,5.052818991097923,,
2025-06,S,"3/0 27,75 BENANG SILK 3/0 27mm, 75cm",PCS,0.0,0.0,0.0,0.0,0.0,0.0,0.0,0.0,0.0,0.0,0.0,0.0,5.052818991097923,0.0,5.052818991097923,,
2025-06,SAU,STRIP ASAM URAT,BOX,0.0,0.0,0.0,0.0,0.0,0.0,0.0,0.0,0.0,0.0,3.5,0.0,5.052818991097923,0.0,5.052818991097923,,
2025-06,SCT,STRIP CHOLESTEROL,BOX,2.0,0.0,0.0,0.0,0.0,0.0,0.0,0.0,0.0,0.0,4.166666666666667,0.0,5.052818991097923,2.0,3.052818991097923,100.0,152.64094955489617
2025-06,SCTM,SUCTION CONNECTING TUBE MAS,PCS,500.0,0.0,0.0,200.0,0.0,0.0,66.66666666666667,200.0,0.0,33.333333333333336,16.666666666666668,66.66666666666667,5.052818991097923,433.3333333333333,494.9471810089021,86.66666666666666,98.9894362017804
2025-06,SGD,STRIP GULA DARAH,BOX,0.0,0.0,0.0,0.0,0.0,0.0,0.0,0.0,0.0,0.0,0.0,0.0,5.052818991097923,0.0,5.052818991097923,,
2025-06,SHB,STRIP HEMOGOBLIN (HB),BOX,0.0,0.0,0.0,0.0,0.0,0.0,0.0,0.0,0.0,0.0,2.5,0.0,5.052818991097923,0.0,5.052818991097923,,
2025-06,SHM-005,SHAMROCK LATEX FREE POWDER ''L'',BOX,0.0,0.0,0.0,0.0,0.0,0.0,0.0,0.0,0.0,16.666666666666668,8.333333333333334,0.0,5.052818991097923,0.0,5.052818991097923,,
2025-06,SHM-006,"SHAMROCK LATEX FREE POWDER ""M""",BOX,0.0,0.0,0.0,0.0,0.0,0.0,0.0,0.0,0.0,41.66666666666666,20.83333333333333,0.0,5.052818991097923,0.0,5.052818991097923,,
2025-06,SHM-007,SHAMROCK LATEX FREE POWDER ''S'',BOX,0.0,0.0,0.0,0.0,0.0,0.0,0.0,0.0,0.0,50.0,25.0,0.0,5.052818991097923,0.0,5.052818991097923,,
2025-06,UFIX5,ULTRAFIX MEDICAL 5X5,BOX,5.0,0.0,0.0,0.0,0.0,0.0,0.0,0.0,0.0,0.0,0.0,0.0,5.052818991097923,5.0,0.052818991097923096,100.0,1.056379821958462
2025-06,URS-10T,URINE STRIP 10U,BTL,0.0,0.0,0.0,0.0,0.0,0.0,0.0,0.0,0.0,0.0,0.8333333333333334,0.0,5.052818991097923,0.0,5.052818991097923,,
2025-07,1CC,SPUIT 1 CC,BOX,0.0,0.0,0.0,0.0,0.0,0.0,0.0,0.0,0.0,0.0,0.0,0.0,5.052818991097923,0.0,5.052818991097923,,
2025-07,2121-0034-02,"INOCULATION LOOPS, FLEXIBLE, 10μL+INCORPORATED NEEDLE, ABS MATERIAL, BLUE COLOR. 1PC/PEEL-PK, GAMMA STERILE",BOX,0.0,0.0,0.0,0.0,0.0,0.0,0.0,0.0,0.0,0.0,0.0,0.0,5.052818991097923,0.0,5.052818991097923,,
2025-07,268,Cefadroxil Monohydrate 500mg Kapsul Bernofarm,BOX,0.0,0.0,3.0,0.0,0.0,0.0,1.0,3.0,0.0,0.5,0.25,1.0,5.052818991097923,1.0,5.052818991097923,,
2025-07,268,Cefadroxil Monohydrate 500mg Kapsul Bernofarm,TAB,1000.0,0.0,0.0,3.0,0.0,0.0,1.0,3.0,0.0,0.5,0.25,1.0,5.052818991097923,999.0,994.947181008902,99.9,99.4947181008902
2025-07,3,CC SPUIT 3 CC,BOX,0.0,0.0,0.0,0.0,0.0,0.0,0.0,0.0,0.0,0.0,2.5,0.0,5.052818991097923,0.0,5.052818991097923,,
2025-07,367856,"TUBE EDTA PLH 13X75, 3.0",BOX,15.0,35.0,20.0,20.0,50.0,30.0,25.0,35.0,20.0,27.5,27.916666666666668,25.0,5.052818991097923,10.0,9.947181008902078,66.66666666666666,66.31454005934718
2025-07,367957,"TUBE SST II PLH 13X75, 3.5",BOX,20.0,30.0,20.0,30.0,50.0,10.0,26.666666666666668,30.0,20.0,28.33333333333333,27.5,26.666666666666668,5.052818991097923,6.666666666666668,14.947181008902078,33.333333333333336,74.73590504451039
2025-07,4004-0805,"CYLINDRICAL TEST TUBE, PLAIN, VOL.5ML/12X75MM, PS MATERIAL",CARTON,0.0,0.0,0.0,0.0,0.0,0.0,0.0,0.0,0.0,0.0,0.0,0.0,5.052818991097923,0.0,5.052818991097923,,
2025-07,4330-0004-02,"Blue Tips,VOL.1000μl,Eppendorf/Universal type,PP material BAG",ZIP-LOCK,0.0,0.0,0.0,0.0,0.0,0.0,0.0,0.0,0.0,0.0,0.0,0.0,5.052818991097923,0.0,5.052818991097923,,
2025-07,4330-0012-02,"Blue Tips,Gilson/Universal type,VOL.1000μl,graduated at 100/250/500/100μl,PP BAG material",ZIP-LOCK,0.0,0.0,0.0,0.0,0.0,0.0,0.0,0.0,0.0,0.0,0.0,0.0,5.052818991097923,0.0,5.052818991097923,,
2025-07,4330-0016-17,"Yellow Tips,VOL.200μl,Eppendorf/Universal type,PP material",BOX,0.0,0.0,0.0,0.0,0.0,0.0,0.0,0.0,0.0,0.0,0.0,0.0,5.052818991097923,0.0,5.052818991097923,,
2025-07,4330-0023,"Pipet Tips,eppendorf type,VOL.10μl,PP material,Natural color",POLYBAG,0.0,0.0,0.0,0.0,0.0,0.0,0.0,0.0,0.0,0.0,0.0,0.0,5.052818991097923,0.0,5.052818991097923,,
2025-07,4610-1924,"Centrifuge Tube, PP material, conical bottom, Vol.15ml/17x120mm, BLUE printed graduation from 1.5ml to 15ml/graduation interval 0.5ml. Screw cap leakage-proof, GREY color. DNase-free, RNase-free, Non-Pyrogen, Assembled, E.O. sterile, individual flow-pack, 50pcs/box",CARTON,0.0,0.0,0.0,0.0,0.0,0.0,0.0,0.0,0.0,0.0,0.0,0.0,5.052818991097923,0.0,5.052818991097923,,
2025-07,5,CC SPUIT 5 CC,BOX,0.0,0.0,0.0,0.0,0.0,0.0,0.0,0.0,0.0,0.0,0.0,0.0,5.052818991097923,0.0,5.052818991097923,,
2025-07,615,Paracetamol 500 mg Kaplet,TAB,100100.0,400.0,0.0,0.0,0.0,0.0,133.33333333333334,400.0,0.0,66.66666666666667,33.333333333333336,133.33333333333334,285.64285714285717,99966.66666666667,99814.35714285714,99.86679986679987,99.71464250035679
2025-07,AKHL,70% 1L ALKOHOL 70% 1 LITER,BTL,0.0,0.0,0.0,0.0,0.0,0.0,0.0,0.0,0.0,0.0,0.0,0.0,5.052818991097923,0.0,5.052818991097923,,
2025-07,AMD,5mg Amlodipine 5mg,BOX,1.0,0.0,0.0,0.0,0.0,0.0,0.0,0.0,0.0,0.1666666666666666,0.0833333333333333,0.0,5.052818991097923,1.0,4.052818991097923,100.0,405.28189910979233
2025-07,AS,ALKOHOL SWAB,BOX,0.0,0.0,0.0,0.0,0.0,0.0,0.0,0.0,0.0,0.0,0.0,0.0,5.052818991097923,0.0,5.052818991097923,,
2025-07,ASWAG60,Ashwagandha+ 60 Kapsul,BTL,10.0,0.0,0.0,0.0,0.0,0.0,0.0,0.0,0.0,0.0,0.0,0.0,5.052818991097923,10.0,4.947181008902077,100.0,49.47181008902077
2025-07,ATM-RTA,ALTAMED COVID-19 RAPID TEST KIT ANTIGEN @25 PCS,BOX,0.0,0.0,0.0,0.0,0.0,15.0,0.0,0.0,0.0,0.0,4.0,0.0,5.052818991097923,0.0,5.052818991097923,,
2025-07,BISPRO2.5,Bisoprolol Tab 2.5mg Bernofarm,TAB,3000.0,0.0,0.0,0.0,0.0,0.0,0.0,0.0,0.0,0.0,0.0,0.0,5.052818991097923,3000.0,2994.947181008902,100.0,99.83157270029673
2025-07,CEFIX100,Cefixime Trihydrate 100mg Tss Bernofarm,BOX,0.0,0.0,3.0,0.0,0.0,0.0,1.0,3.0,0.0,0.5,0.25,1.0,5.052818991097923,1.0,5.052818991097923,,
2025-07,CIFLX,Tab CIPROFLOXACIN TAB,BOX,2.0,0.0,0.0,0.0,0.0,0.0,0.0,0.0,0.0,0.0,0.0,0.0,5.052818991097923,2.0,3.052818991097923,100.0,152.64094955489617
2025-07,DEXAMETHMUL,Dexametasone 0.5 '200tab,BOX,2.0,0.0,1.0,0.0,0.0,0.0,0.3333333333333333,1.0,0.0,0.1666666666666666,0.0833333333333333,0.3333333333333333,5.052818991097923,1.6666666666666667,3.052818991097923,83.33333333333334,152.64094955489617
2025-07,DOMPS,Domperidone 5mg/5ml Syr Bernofarm,BTL,35.0,6.0,0.0,0.0,0.0,0.0,2.0,6.0,0.0,1.0,0.5,2.0,5.052818991097923,33.0,29.947181008902078,94.28571428571428,85.5633743111488
2025-07,IV,20G IV CHATETER NO 20G,PCS,10.0,0.0,0.0,0.0,0.0,0.0,0.0,0.0,0.0,16.666666666666668,8.333333333333334,0.0,5.052818991097923,10.0,4.947181008902077,100.0,49.47181008902077
2025-07,IV,22G IV CHATETER NO 22G,PCS,0.0,10.0,0.0,0.0,50.0,0.0,3.333333333333333,10.0,0.0,18.33333333333333,9.166666666666666,3.333333333333333,5.052818991097923,3.333333333333333,5.052818991097923,,
2025-07,IV,24G IV CHATETER NO 24G,PCS,10.0,0.0,10.0,0.0,50.0,0.0,3.333333333333333,10.0,0.0,10.0,9.166666666666666,3.333333333333333,5.052818991097923,6.666666666666667,4.947181008902077,66.66666666666667,49.47181008902077
2025-07,KLP-10X10,Kassa Lipat Polos 10cm x 10cm,PAK,20.0,0.0,100.0,50.0,0.0,70.0,50.0,100.0,0.0,35.0,42.91666666666666,50.0,68.6046511627907,30.0,48.6046511627907,150.0,243.0232558139535
2025-07,KLP-5X5,Kassa Lipat Polos 5cm x 5cm (400 pcs),PAK,25.0,14.0,10.0,0.0,15.0,0.0,8.0,14.0,0.0,13.166666666666666,10.75,8.0,5.052818991097923,17.0,19.947181008902078,68.0,79.78872403560831
2025-07,"KLP-7,5X7,5","Kassa Lipat Polos 7,5cm x 7,5cm",PAK,70.0,20.0,50.0,90.0,20.0,80.0,53.333333333333336,90.0,20.0,41.66666666666666,51.25,53.333333333333336,5.052818991097923,16.666666666666664,64.94718100890208,23.809523809523807,92.7816871555744
2025-07,KLX-R,Kassa Lipat X-Ray 10cm x 10cm,PAK,0.0,0.0,20.0,0.0,0.0,30.0,6.666666666666667,20.0,0.0,3.333333333333333,9.166666666666666,6.666666666666667,5.052818991097923,6.666666666666667,5.052818991097923,,
2025-07,LEVOTAB,LEVOPAR TAB,BOX,50.0,30.0,0.0,0.0,0.0,0.0,10.0,30.0,0.0,8.333333333333334,9.166666666666666,10.0,5.052818991097923,40.0,44.94718100890208,80.0,89.89436201780416
2025-07,LEVXC500-INF,Levofloxacin Infus 500MG/100ML,BTL,40.0,0.0,0.0,0.0,0.0,0.0,0.0,0.0,0.0,0.0,0.0,0.0,5.052818991097923,40.0,34.94718100890208,100.0,87.3679525222552
2025-07,LGN-RTA,LUNGENE COVID-19 ANTIGEN RAPID TEST,BOX,0.0,0.0,20.0,0.0,20.0,0.0,6.666666666666667,20.0,0.0,6.666666666666667,6.666666666666667,6.666666666666667,5.052818991097923,6.666666666666667,5.052818991097923,,
2025-07,MASFP-6.5,SURGICAL GLOVE STERILE FREE POWDER 6.5 MAS,PCS,0.0,0.0,0.0,800.0,300.0,0.0,266.6666666666667,800.0,0.0,333.3333333333333,166.66666666666666,266.6666666666667,5.052818991097923,266.6666666666667,5.052818991097923,,
2025-07,MASFP-7,SURGICAL GLOVE STERILE FREE POWDER 7 MAS,PCS,0.0,0.0,0.0,800.0,300.0,0.0,266.6666666666667,800.0,0.0,333.3333333333333,166.66666666666666,266.6666666666667,5.052818991097923,266.6666666666667,5.052818991097923,,
2025-07,MASFP-7.5,SURGICAL GLOVE STERILE FREE POWDER 7.5 MAS,PCS,0.0,0.0,0.0,800.0,300.0,0.0,266.6666666666667,800.0,0.0,333.3333333333333,166.66666666666666,266.6666666666667,5.052818991097923,266.6666666666667,5.052818991097923,,
2025-07,METHYL125,Inj METHYLPREDNISOLON 125MG INJ,BOX,3.0,0.0,1.0,0.0,0.0,0.0,0.3333333333333333,1.0,0.0,0.1666666666666666,0.0833333333333333,0.3333333333333333,5.052818991097923,2.6666666666666665,2.052818991097923,88.88888888888889,68.4272997032641
2025-07,METR500,Metronidazole 500mg Tab,TAB,500.0,0.0,0.0,1.0,0.0,0.0,0.3333333333333333,1.0,0.0,0.1666666666666666,0.0833333333333333,0.3333333333333333,5.052818991097923,499.6666666666667,494.9471810089021,99.93333333333334,98.9894362017804
2025-07,METRDI500,Metronidazole Infus 500mg/100ml,BTL,100.0,0.0,0.0,0.0,0.0,0.0,0.0,0.0,0.0,0.0,16.666666666666668,0.0,5.052818991097923,100.0,94.94718100890208,100.0,94.94718100890208
2025-07,MK04-115,ELECTROSURGICAL PENCIL MK04-115,PCS,150.0,300.0,0.0,300.0,500.0,0.0,200.0,300.0,0.0,200.0,181.66666666666663,200.0,285.64285714285717,50.0,135.64285714285717,33.33333333333333,90.42857142857144
2025-07,MK08-503B,STERILE SAFETY LANCET MK08-503B,BOX,0.0,2.0,0.0,0.0,15.0,0.0,0.6666666666666666,2.0,0.0,20.33333333333333,24.75,0.6666666666666666,5.052818991097923,0.6666666666666666,5.052818991097923,,
2025-07,MK08-565,MASKER MULTI ONE PLUS 3PLY EARLOOP,BOX,50.0,0.0,0.0,0.0,100.0,0.0,0.0,0.0,0.0,66.66666666666667,56.25,0.0,5.052818991097923,50.0,44.94718100890208,100.0,89.89436201780416
2025-07,MK09-135,NASAL OXYGEN CANNULA ADULT,PCS,0.0,0.0,0.0,0.0,300.0,0.0,0.0,0.0,0.0,100.0,75.0,0.0,5.052818991097923,0.0,5.052818991097923,,
2025-07,MK09-231,LATEX FOLEY CATHETER 2-WAY FR16,PCS,10.0,200.0,0.0,0.0,0.0,0.0,66.66666666666667,200.0,0.0,33.333333333333336,16.666666666666668,66.66666666666667,124.2,56.66666666666667,114.2,566.6666666666667,1142.0
2025-07,NM-USGG5L,NAM MEDICAL ULTRASOUND GEL 5,DRIGEN,0.0,0.0,0.0,0.0,0.0,0.0,0.0,0.0,0.0,0.0,0.0,0.0,5.052818991097923,0.0,5.052818991097923,,
2025-07,OME40MGINJ,OMEPRAZOLE SODIUM MONOHYDRATE 40mg SERBUK INJ,VIAL,500.0,0.0,0.0,0.0,0.0,0.0,0.0,0.0,0.0,10.0,5.0,0.0,5.052818991097923,500.0,494.9471810089021,100.0,98.9894362017804
2025-07,ONEMED-CATGUT,"Catgut Chromic Uk. 3/0, HR-27, Tapper 75cm 3",PCS,1.0,0.0,0.0,0.0,0.0,0.0,0.0,0.0,0.0,0.0,0.0,0.0,5.052818991097923,1.0,4.052818991097923,100.0,405.28189910979233
2025-07,OTO-L,OTORO LATEX FREE POWDER ''L'',BOX,150.0,100.0,150.0,0.0,0.0,200.0,83.33333333333333,150.0,0.0,100.0,132.5,83.33333333333333,68.6046511627907,66.66666666666667,81.3953488372093,44.44444444444445,54.263565891472865
2025-07,OTO-M,OTORO LATEX FREE POWDER ''M'',BOX,200.0,300.0,400.0,0.0,0.0,500.0,233.33333333333331,400.0,0.0,241.66666666666663,289.1666666666667,233.33333333333331,285.64285714285717,33.333333333333314,85.64285714285717,16.666666666666657,42.821428571428584
2025-07,OTR-S,OTORO LATEX FREE POWDER ''S'',BOX,250.0,390.0,500.0,0.0,0.0,600.0,296.6666666666667,500.0,0.0,290.0,370.0,296.6666666666667,237.5,46.666666666666686,12.5,18.66666666666667,5.0
2025-07,OTRP-M,OTORO LATEX POWDER ''M'',BOX,30.0,0.0,0.0,30.0,0.0,0.0,10.0,30.0,0.0,13.333333333333334,6.666666666666667,10.0,5.052818991097923,20.0,24.947181008902078,66.66666666666666,83.1572700296736
2025-07,OTRP-S,OTORO LATEX POWDER ''S'',BOX,30.0,40.0,0.0,40.0,0.0,0.0,26.666666666666668,40.0,0.0,23.33333333333333,11.666666666666666,26.666666666666668,5.052818991097923,3.333333333333332,24.947181008902078,11.111111111111107,83.1572700296736
2025-07,PCT-INFUS,Paracetamol 1 G/100ml Infus TD,BOX,250.0,0.0,600.0,0.0,0.0,0.0,200.0,600.0,0.0,100.0,50.0,200.0,68.6046511627907,50.0,181.3953488372093,20.0,72.55813953488371
2025-07,PO-8.7X13,Plastik Obat Ukuran 8.7x13,PAK,0.0,0.0,0.0,0.0,0.0,0.0,0.0,0.0,0.0,0.0,208.33333333333331,0.0,80.95238095238095,0.0,80.95238095238095,,
2025-07,POT-KS,Pot Tutup Kuning Sterile,PCS,2000.0,1000.0,0.0,0.0,0.0,0.0,333.3333333333333,1000.0,0.0,166.66666666666666,83.33333333333333,333.3333333333333,285.64285714285717,1666.6666666666667,1714.357142857143,83.33333333333334,85.71785714285714
2025-07,PRAZ30,PRAZOTEC INJ 30MG,VIAL,0.0,0.0,0.0,0.0,426.0,0.0,0.0,0.0,0.0,116.83333333333331,116.75,0.0,5.052818991097923,0.0,5.052818991097923,,
2025-07,PSE,OXA PULSE OXYMETER ANAK,PCS,0.0,0.0,0.0,0.0,0.0,0.0,0.0,0.0,0.0,0.0,0.0,0.0,5.052818991097923,0.0,5.052818991097923,,
2025-07,S,"3/0 27,75 BENANG SILK 3/0 27mm, 75cm",PCS,1.0,1.0,0.0,0.0,0.0,0.0,0.3333333333333333,1.0,0.0,0.1666666666666666,0.0833333333333333,0.3333333333333333,5.052818991097923,0.6666666666666667,4.052818991097923,66.66666666666667,405.28189910979233
2025-07,SAU,STRIP ASAM URAT,BOX,0.0,0.0,0.0,0.0,0.0,0.0,0.0,0.0,0.0,0.0,3.5,0.0,5.052818991097923,0.0,5.052818991097923,,
2025-07,SCT,STRIP CHOLESTEROL,BOX,0.0,2.0,0.0,0.0,0.0,0.0,0.6666666666666666,2.0,0.0,0.3333333333333333,4.333333333333333,0.6666666666666666,5.052818991097923,0.6666666666666666,5.052818991097923,,
2025-07,SCTM,SUCTION CONNECTING TUBE MAS,PCS,0.0,500.0,0.0,0.0,0.0,0.0,166.66666666666666,500.0,0.0,116.66666666666669,58.333333333333336,166.66666666666666,285.64285714285717,166.66666666666666,285.64285714285717,,
2025-07,SGD,STRIP GULA DARAH,BOX,0.0,0.0,0.0,0.0,0.0,0.0,0.0,0.0,0.0,0.0,0.0,0.0,5.052818991097923,0.0,5.052818991097923,,
2025-07,SHB,STRIP HEMOGOBLIN (HB),BOX,0.0,0.0,0.0,0.0,0.0,0.0,0.0,0.0,0.0,0.0,2.5,0.0,5.052818991097923,0.0,5.052818991097923,,
2025-07,SHM-005,SHAMROCK LATEX FREE POWDER ''L'',BOX,0.0,0.0,0.0,0.0,100.0,0.0,0.0,0.0,0.0,16.666666666666668,8.333333333333334,0.0,5.052818991097923,0.0,5.052818991097923,,
2025-07,SHM-006,"SHAMROCK LATEX FREE POWDER ""M""",BOX,0.0,0.0,0.0,0.0,250.0,0.0,0.0,0.0,0.0,41.66666666666666,20.83333333333333,0.0,5.052818991097923,0.0,5.052818991097923,,
2025-07,SHM-007,SHAMROCK LATEX FREE POWDER ''S'',BOX,0.0,0.0,0.0,0.0,300.0,0.0,0.0,0.0,0.0,50.0,25.0,0.0,5.052818991097923,0.0,5.052818991097923,,
2025-07,UFIX5,ULTRAFIX MEDICAL 5X5,BOX,10.0,5.0,0.0,0.0,0.0,0.0,1.6666666666666667,5.0,0.0,0.8333333333333334,0.4166666666666667,1.6666666666666667,5.052818991097923,8.333333333333334,4.947181008902077,83.33333333333334,49.47181008902077
2025-07,URS-10T,URINE STRIP 10U,BTL,0.0,0.0,0.0,0.0,0.0,0.0,0.0,0.0,0.0,0.0,0.8333333333333334,0.0,5.052818991097923,0.0,5.052818991097923,,
2025-08,1CC,SPUIT 1 CC,BOX,2.0,0.0,0.0,0.0,0.0,0.0,0.0,0.0,0.0,0.0,0.0,0.0,5.052818991097923,2.0,3.052818991097923,100.0,152.64094955489617
2025-08,2121-0034-02,"INOCULATION LOOPS, FLEXIBLE, 10μL+INCORPORATED NEEDLE, ABS MATERIAL, BLUE COLOR. 1PC/PEEL-PK, GAMMA STERILE",BOX,0.0,0.0,0.0,0.0,0.0,0.0,0.0,0.0,0.0,0.0,0.0,0.0,5.052818991097923,0.0,5.052818991097923,,
2025-08,268,Cefadroxil Monohydrate 500mg Kapsul Bernofarm,BOX,0.0,1000.0,0.0,0.0,0.0,0.0,333.3333333333333,1000.0,0.0,167.16666666666666,83.58333333333333,333.3333333333333,285.64285714285717,333.3333333333333,285.64285714285717,,
2025-08,268,Cefadroxil Monohydrate 500mg Kapsul Bernofarm,TAB,621.0,0.0,1000.0,0.0,0.0,0.0,333.3333333333333,1000.0,0.0,167.16666666666666,83.58333333333333,333.3333333333333,400.0,287.6666666666667,221.0,46.323134728931834,35.5877616747182
2025-08,3,CC SPUIT 3 CC,BOX,50.0,0.0,0.0,0.0,0.0,0.0,0.0,0.0,0.0,0.0,2.5,0.0,5.052818991097923,50.0,44.94718100890208,100.0,89.89436201780416
2025-08,367856,"TUBE EDTA PLH 13X75, 3.0",BOX,30.0,15.0,35.0,20.0,20.0,40.0,23.33333333333333,35.0,15.0,21.666666666666668,26.666666666666668,23.33333333333333,5.052818991097923,6.666666666666671,24.947181008902078,22.22222222222224,83.1572700296736
2025-08,367957,"TUBE SST II PLH 13X75, 3.5",BOX,30.0,20.0,30.0,20.0,20.0,60.0,23.33333333333333,30.0,20.0,23.33333333333333,28.33333333333333,23.33333333333333,5.052818991097923,6.666666666666671,24.947181008902078,22.22222222222224,83.1572700296736
2025-08,4004-0805,"CYLINDRICAL TEST TUBE, PLAIN, VOL.5ML/12X75MM, PS MATERIAL",CARTON,0.0,0.0,0.0,0.0,0.0,0.0,0.0,0.0,0.0,0.0,0.0,0.0,5.052818991097923,0.0,5.052818991097923,,
2025-08,4330-0004-02,"Blue Tips,VOL.1000μl,Eppendorf/Universal type,PP material BAG",ZIP-LOCK,0.0,0.0,0.0,0.0,0.0,0.0,0.0,0.0,0.0,0.0,0.0,0.0,5.052818991097923,0.0,5.052818991097923,,
2025-08,4330-0012-02,"Blue Tips,Gilson/Universal type,VOL.1000μl,graduated at 100/250/500/100μl,PP BAG material",ZIP-LOCK,0.0,0.0,0.0,0.0,0.0,0.0,0.0,0.0,0.0,0.0,0.0,0.0,5.052818991097923,0.0,5.052818991097923,,
2025-08,4330-0016-17,"Yellow Tips,VOL.200μl,Eppendorf/Universal type,PP material",BOX,0.0,0.0,0.0,0.0,0.0,0.0,0.0,0.0,0.0,0.0,0.0,0.0,5.052818991097923,0.0,5.052818991097923,,
2025-08,4330-0023,"Pipet Tips,eppendorf type,VOL.10μl,PP material,Natural color",POLYBAG,0.0,0.0,0.0,0.0,0.0,0.0,0.0,0.0,0.0,0.0,0.0,0.0,5.052818991097923,0.0,5.052818991097923,,
2025-08,4610-1924,"Centrifuge Tube, PP material, conical bottom, Vol.15ml/17x120mm, BLUE printed graduation from 1.5ml to 15ml/graduation interval 0.5ml. Screw cap leakage-proof, GREY color. DNase-free, RNase-free, Non-Pyrogen, Assembled, E.O. sterile, individual flow-pack, 50pcs/box",CARTON,0.0,0.0,0.0,0.0,0.0,0.0,0.0,0.0,0.0,0.0,0.0,0.0,5.052818991097923,0.0,5.052818991097923,,
2025-08,5,CC SPUIT 5 CC,BOX,0.0,0.0,0.0,0.0,0.0,0.0,0.0,0.0,0.0,0.0,0.0,0.0,5.052818991097923,0.0,5.052818991097923,,
2025-08,615,Paracetamol 500 mg Kaplet,TAB,6500.0,100100.0,400.0,0.0,0.0,0.0,33500.0,100100.0,0.0,16750.0,8375.0,33500.0,0.0,27000.0,6500.0,415.3846153846154,100.0
2025-08,AKHL,70% 1L ALKOHOL 70% 1 LITER,BTL,3.0,0.0,0.0,0.0,0.0,0.0,0.0,0.0,0.0,0.0,0.0,0.0,5.052818991097923,3.0,2.052818991097923,100.0,68.4272997032641
2025-08,AMD,5mg Amlodipine 5mg,BOX,0.0,0.0,5000.0,1.0,0.0,0.0,1667.0,5000.0,0.0,833.6666666666666,416.9166666666667,1667.0,400.0,1667.0,400.0,,
2025-08,AS,ALKOHOL SWAB,BOX,0.0,0.0,0.0,0.0,0.0,0.0,0.0,0.0,0.0,0.0,0.0,0.0,5.052818991097923,0.0,5.052818991097923,,
2025-08,ASWAG60,Ashwagandha+ 60 Kapsul,BTL,10.0,10.0,0.0,0.0,0.0,0.0,3.333333333333333,10.0,0.0,1.6666666666666667,0.8333333333333334,3.333333333333333,5.052818991097923,6.666666666666667,4.947181008902077,66.66666666666667,49.47181008902077
2025-08,ATM-RTA,ALTAMED COVID-19 RAPID TEST KIT ANTIGEN @25 PCS,BOX,0.0,0.0,0.0,0.0,0.0,15.0,0.0,0.0,0.0,0.0,2.75,0.0,5.052818991097923,0.0,5.052818991097923,,
2025-08,BISPRO2.5,Bisoprolol Tab 2.5mg Bernofarm,TAB,0.0,3000.0,0.0,0.0,0.0,0.0,1000.0,3000.0,0.0,500.0,250.0,1000.0,0.0,1000.0,0.0,,
2025-08,CEFIX100,Cefixime Trihydrate 100mg Tss Bernofarm,BOX,0.0,500.0,0.0,0.0,0.0,0.0,166.66666666666666,500.0,0.0,83.83333333333333,41.91666666666666,166.66666666666666,285.64285714285717,166.66666666666666,285.64285714285717,,
2025-08,CIFLX,Tab CIPROFLOXACIN TAB,BOX,0.0,1000.0,2.0,0.0,0.0,0.0,334.0,1000.0,0.0,167.0,83.5,334.0,285.64285714285717,334.0,285.64285714285717,,
2025-08,DEXAMETHMUL,Dexametasone 0.5 '200tab,BOX,0.0,0.0,2.0,0.0,0.0,0.0,0.6666666666666666,2.0,0.0,0.5,0.25,0.6666666666666666,5.052818991097923,0.6666666666666666,5.052818991097923,,
2025-08,DOMPS,Domperidone 5mg/5ml Syr Bernofarm,BTL,0.0,35.0,6.0,0.0,0.0,0.0,13.666666666666666,35.0,0.0,6.833333333333333,3.4166666666666665,13.666666666666666,5.052818991097923,13.666666666666666,5.052818991097923,,
2025-08,IV,20G IV CHATETER NO 20G,PCS,0.0,0.0,0.0,0.0,10.0,0.0,0.0,0.0,0.0,3.333333333333333,10.0,0.0,5.052818991097923,0.0,5.052818991097923,,
2025-08,IV,22G IV CHATETER NO 22G,PCS,0.0,0.0,0.0,0.0,0.0,50.0,0.0,0.0,0.0,1.6666666666666667,10.0,0.0,5.052818991097923,0.0,5.052818991097923,,
2025-08,IV,24G IV CHATETER NO 24G,PCS,0.0,0.0,0.0,0.0,10.0,50.0,0.0,0.0,0.0,1.6666666666666667,5.833333333333333,0.0,5.052818991097923,0.0,5.052818991097923,,
2025-08,KLP-10X10,Kassa Lipat Polos 10cm x 10cm,PAK,50.0,20.0,0.0,100.0,60.0,20.0,40.0,100.0,0.0,38.333333333333336,38.75,40.0,5.052818991097923,10.0,44.94718100890208,20.0,89.89436201780416
2025-08,KLP-5X5,Kassa Lipat Polos 5cm x 5cm (400 pcs),PAK,15.0,25.0,14.0,10.0,40.0,0.0,16.333333333333332,25.0,10.0,14.833333333333334,12.833333333333334,16.333333333333332,5.052818991097923,1.3333333333333321,9.947181008902078,8.88888888888888,66.31454005934718
2025-08,"KLP-7,5X7,5","Kassa Lipat Polos 7,5cm x 7,5cm",PAK,50.0,70.0,20.0,50.0,70.0,50.0,46.66666666666666,70.0,20.0,50.0,50.41666666666666,46.66666666666666,5.052818991097923,3.333333333333343,44.94718100890208,6.666666666666686,89.89436201780416
2025-08,KLX-R,Kassa Lipat X-Ray 10cm x 10cm,PAK,0.0,0.0,0.0,20.0,0.0,0.0,6.666666666666667,20.0,0.0,3.333333333333333,6.666666666666667,6.666666666666667,5.052818991097923,6.666666666666667,5.052818991097923,,
2025-08,LEVOTAB,LEVOPAR TAB,BOX,0.0,50.0,30.0,0.0,20.0,0.0,26.666666666666668,50.0,0.0,16.666666666666668,13.333333333333334,26.666666666666668,5.052818991097923,26.666666666666668,5.052818991097923,,
2025-08,LEVXC500-INF,Levofloxacin Infus 500MG/100ML,BTL,40.0,40.0,0.0,0.0,0.0,0.0,13.333333333333334,40.0,0.0,6.666666666666667,3.333333333333333,13.333333333333334,5.052818991097923,26.666666666666664,34.94718100890208,66.66666666666666,87.3679525222552
2025-08,LGN-RTA,LUNGENE COVID-19 ANTIGEN RAPID TEST,BOX,20.0,0.0,0.0,20.0,0.0,0.0,6.666666666666667,20.0,0.0,3.333333333333333,6.666666666666667,6.666666666666667,5.052818991097923,13.333333333333332,14.947181008902078,66.66666666666666,74.73590504451039
2025-08,MASFP-6.5,SURGICAL GLOVE STERILE FREE POWDER 6.5 MAS,PCS,0.0,0.0,0.0,0.0,500.0,0.0,0.0,0.0,0.0,283.3333333333333,166.66666666666666,0.0,5.052818991097923,0.0,5.052818991097923,,
2025-08,MASFP-7,SURGICAL GLOVE STERILE FREE POWDER 7 MAS,PCS,0.0,0.0,0.0,0.0,500.0,0.0,0.0,0.0,0.0,283.3333333333333,166.66666666666666,0.0,5.052818991097923,0.0,5.052818991097923,,
2025-08,MASFP-7.5,SURGICAL GLOVE STERILE FREE POWDER 7.5 MAS,PCS,0.0,0.0,0.0,0.0,500.0,0.0,0.0,0.0,0.0,283.3333333333333,166.66666666666666,0.0,5.052818991097923,0.0,5.052818991097923,,
2025-08,METHYL125,Inj METHYLPREDNISOLON 125MG INJ,BOX,0.0,1000.0,3.0,0.0,0.0,0.0,334.3333333333333,1000.0,0.0,167.33333333333334,83.66666666666667,334.3333333333333,285.64285714285717,334.3333333333333,285.64285714285717,,
2025-08,METR500,Metronidazole 500mg Tab,TAB,500.0,0.0,500.0,0.0,0.0,0.0,166.66666666666666,500.0,0.0,83.5,41.75,166.66666666666666,68.6046511627907,333.33333333333337,431.3953488372093,66.66666666666667,86.27906976744187
2025-08,METRDI500,Metronidazole Infus 500mg/100ml,BTL,100.0,100.0,0.0,0.0,0.0,0.0,33.333333333333336,100.0,0.0,16.666666666666668,25.0,33.333333333333336,5.052818991097923,66.66666666666666,94.94718100890208,66.66666666666666,94.94718100890208
2025-08,MK04-115,ELECTROSURGICAL PENCIL MK04-115,PCS,0.0,150.0,300.0,0.0,100.0,0.0,150.0,300.0,0.0,141.66666666666666,194.16666666666663,150.0,285.64285714285717,150.0,285.64285714285717,,
2025-08,MK08-503B,STERILE SAFETY LANCET MK08-503B,BOX,0.0,0.0,2.0,0.0,30.0,0.0,0.6666666666666666,2.0,0.0,17.833333333333332,24.75,0.6666666666666666,5.052818991097923,0.6666666666666666,5.052818991097923,,
2025-08,MK08-565,MASKER MULTI ONE PLUS 3PLY EARLOOP,BOX,50.0,50.0,0.0,0.0,0.0,0.0,16.666666666666668,50.0,0.0,58.333333333333336,60.41666666666666,16.666666666666668,5.052818991097923,33.33333333333333,44.94718100890208,66.66666666666666,89.89436201780416
2025-08,MK09-135,NASAL OXYGEN CANNULA ADULT,PCS,0.0,0.0,0.0,0.0,300.0,0.0,0.0,0.0,0.0,50.0,75.0,0.0,5.052818991097923,0.0,5.052818991097923,,
2025-08,MK09-231,LATEX FOLEY CATHETER 2-WAY FR16,PCS,0.0,10.0,200.0,0.0,0.0,0.0,70.0,200.0,0.0,35.0,17.5,70.0,68.6046511627907,70.0,68.6046511627907,,
2025-08,NM-USGG5L,NAM MEDICAL ULTRASOUND GEL 5,DRIGEN,2.0,0.0,0.0,0.0,0.0,0.0,0.0,0.0,0.0,0.0,0.0,0.0,5.052818991097923,2.0,3.052818991097923,100.0,152.64094955489617
2025-08,OME40MGINJ,OMEPRAZOLE SODIUM MONOHYDRATE 40mg SERBUK INJ,VIAL,500.0,0.0,500.0,0.0,0.0,0.0,166.66666666666666,500.0,0.0,83.33333333333333,46.66666666666666,166.66666666666666,68.6046511627907,333.33333333333337,431.3953488372093,66.66666666666667,86.27906976744187
2025-08,ONEMED-CATGUT,"Catgut Chromic Uk. 3/0, HR-27, Tapper 75cm 3",PCS,0.0,0.0,1.0,0.0,0.0,0.0,0.3333333333333333,1.0,0.0,0.1666666666666666,0.0833333333333333,0.3333333333333333,5.052818991097923,0.3333333333333333,5.052818991097923,,
2025-08,OTO-L,OTORO LATEX FREE POWDER ''L'',BOX,100.0,150.0,100.0,150.0,100.0,190.0,133.33333333333334,150.0,100.0,125.0,128.33333333333334,133.33333333333334,124.2,33.33333333333334,24.200000000000003,33.33333333333334,24.200000000000003
2025-08,OTO-M,OTORO LATEX FREE POWDER ''M'',BOX,212.0,200.0,300.0,400.0,250.0,250.0,300.0,400.0,200.0,275.0,264.1666666666667,300.0,285.64285714285717,88.0,73.64285714285717,41.509433962264154,34.73719676549866
2025-08,OTR-S,OTORO LATEX FREE POWDER ''S'',BOX,300.0,250.0,390.0,500.0,300.0,600.0,380.0,500.0,250.0,331.6666666666667,340.8333333333333,380.0,285.64285714285717,80.0,14.357142857142833,26.666666666666668,4.785714285714278
2025-08,OTRP-M,OTORO LATEX POWDER ''M'',BOX,0.0,30.0,0.0,0.0,50.0,0.0,10.0,30.0,0.0,18.33333333333333,9.166666666666666,10.0,5.052818991097923,10.0,5.052818991097923,,
2025-08,OTRP-S,OTORO LATEX POWDER ''S'',BOX,0.0,30.0,40.0,0.0,50.0,0.0,23.33333333333333,40.0,0.0,28.33333333333333,14.166666666666666,23.33333333333333,5.052818991097923,23.33333333333333,5.052818991097923,,
2025-08,PCT-INFUS,Paracetamol 1 G/100ml Infus TD,BOX,150.0,250.0,0.0,600.0,0.0,0.0,283.3333333333333,600.0,0.0,141.66666666666666,70.83333333333333,283.3333333333333,285.64285714285717,133.33333333333331,135.64285714285717,88.88888888888887,90.42857142857144
2025-08,PO-8.7X13,Plastik Obat Ukuran 8.7x13,PAK,1000.0,0.0,0.0,0.0,0.0,1700.0,0.0,0.0,0.0,0.0,208.33333333333331,0.0,80.95238095238095,1000.0,919.047619047619,100.0,91.9047619047619
2025-08,POT-KS,Pot Tutup Kuning Sterile,PCS,0.0,2000.0,1000.0,0.0,0.0,0.0,1000.0,2000.0,0.0,500.0,250.0,1000.0,416.6666666666667,1000.0,416.6666666666667,,
2025-08,PRAZ30,PRAZOTEC INJ 30MG,VIAL,0.0,0.0,0.0,0.0,275.0,0.0,0.0,0.0,0.0,45.833333333333336,116.75,0.0,5.052818991097923,0.0,5.052818991097923,,
2025-08,PSE,OXA PULSE OXYMETER ANAK,PCS,0.0,0.0,0.0,0.0,0.0,0.0,0.0,0.0,0.0,0.0,0.0,0.0,5.052818991097923,0.0,5.052818991097923,,
2025-08,S,"3/0 27,75 BENANG SILK 3/0 27mm, 75cm",PCS,3.0,0.0,1.0,1.0,0.0,0.0,0.6666666666666666,1.0,0.0,0.3333333333333333,0.1666666666666666,0.6666666666666666,5.052818991097923,2.3333333333333335,2.052818991097923,77.77777777777779,68.4272997032641
2025-08,SAU,STRIP ASAM URAT,BOX,0.0,0.0,0.0,0.0,0.0,0.0,0.0,0.0,0.0,0.0,3.5,0.0,5.052818991097923,0.0,5.052818991097923,,
2025-08,SCT,STRIP CHOLESTEROL,BOX,0.0,0.0,2.0,0.0,0.0,0.0,0.6666666666666666,2.0,0.0,0.3333333333333333,4.333333333333333,0.6666666666666666,5.052818991097923,0.6666666666666666,5.052818991097923,,
2025-08,SCTM,SUCTION CONNECTING TUBE MAS,PCS,150.0,0.0,500.0,0.0,0.0,0.0,166.66666666666666,500.0,0.0,116.66666666666669,58.333333333333336,166.66666666666666,68.6046511627907,16.666666666666657,81.3953488372093,11.111111111111105,54.263565891472865
2025-08,SGD,STRIP GULA DARAH,BOX,10.0,0.0,0.0,0.0,0.0,0.0,0.0,0.0,0.0,0.0,0.0,0.0,5.052818991097923,10.0,4.947181008902077,100.0,49.47181008902077
2025-08,SHB,STRIP HEMOGOBLIN (HB),BOX,0.0,0.0,0.0,0.0,0.0,0.0,0.0,0.0,0.0,0.0,2.5,0.0,5.052818991097923,0.0,5.052818991097923,,
2025-08,SHM-005,SHAMROCK LATEX FREE POWDER ''L'',BOX,0.0,0.0,0.0,0.0,0.0,0.0,0.0,0.0,0.0,0.0,8.333333333333334,0.0,5.052818991097923,0.0,5.052818991097923,,
2025-08,SHM-006,"SHAMROCK LATEX FREE POWDER ""M""",BOX,0.0,0.0,0.0,0.0,0.0,0.0,0.0,0.0,0.0,0.0,20.83333333333333,0.0,5.052818991097923,0.0,5.052818991097923,,
2025-08,SHM-007,SHAMROCK LATEX FREE POWDER ''S'',BOX,0.0,0.0,0.0,0.0,0.0,0.0,0.0,0.0,0.0,0.0,25.0,0.0,5.052818991097923,0.0,5.052818991097923,,
2025-08,UFIX5,ULTRAFIX MEDICAL 5X5,BOX,20.0,10.0,5.0,0.0,0.0,0.0,5.0,10.0,0.0,2.5,1.25,5.0,5.052818991097923,15.0,14.947181008902078,75.0,74.73590504451039
2025-08,URS-10T,URINE STRIP 10U,BTL,0.0,0.0,0.0,0.0,0.0,0.0,0.0,0.0,0.0,0.0,0.8333333333333334,0.0,5.052818991097923,0.0,5.052818991097923,,
2025-09,1CC,SPUIT 1 CC,BOX,0.0,0.0,2.0,0.0,0.0,0.0,0.6666666666666666,2.0,0.0,0.3333333333333333,0.1666666666666666,0.6666666666666666,5.052818991097923,0.6666666666666666,5.052818991097923,,
2025-09,2121-0034-02,"INOCULATION LOOPS, FLEXIBLE, 10μL+INCORPORATED NEEDLE, ABS MATERIAL, BLUE COLOR. 1PC/PEEL-PK, GAMMA STERILE",BOX,0.0,0.0,0.0,0.0,0.0,0.0,0.0,0.0,0.0,0.0,0.0,0.0,5.052818991097923,0.0,5.052818991097923,,
2025-09,268,Cefadroxil Monohydrate 500mg Kapsul Bernofarm,BOX,30.0,621.0,0.0,1000.0,3.0,0.0,540.3333333333334,1000.0,0.0,270.6666666666667,135.33333333333334,540.3333333333334,0.0,510.33333333333337,30.0,1701.1111111111113,100.0
2025-09,268,Cefadroxil Monohydrate 500mg Kapsul Bernofarm,TAB,0.0,30.0,621.0,0.0,0.0,0.0,217.0,621.0,0.0,275.1666666666667,137.83333333333334,217.0,68.6046511627907,217.0,68.6046511627907,,
2025-09,3,CC SPUIT 3 CC,BOX,0.0,50.0,0.0,0.0,0.0,0.0,16.666666666666668,50.0,0.0,8.333333333333334,6.666666666666667,16.666666666666668,5.052818991097923,16.666666666666668,5.052818991097923,,
2025-09,367856,"TUBE EDTA PLH 13X75, 3.0",BOX,50.0,30.0,15.0,35.0,20.0,0.0,26.666666666666668,35.0,15.0,23.33333333333333,25.83333333333333,26.666666666666668,5.052818991097923,23.333333333333332,44.94718100890208,46.666666666666664,89.89436201780416
2025-09,367957,"TUBE SST II PLH 13X75, 3.5",BOX,50.0,30.0,20.0,30.0,20.0,0.0,26.666666666666668,30.0,20.0,25.0,25.83333333333333,26.666666666666668,5.052818991097923,23.333333333333332,44.94718100890208,46.666666666666664,89.89436201780416
2025-09,4004-0805,"CYLINDRICAL TEST TUBE, PLAIN, VOL.5ML/12X75MM, PS MATERIAL",CARTON,0.0,0.0,0.0,0.0,0.0,0.0,0.0,0.0,0.0,0.0,0.0,0.0,5.052818991097923,0.0,5.052818991097923,,
2025-09,4330-0004-02,"Blue Tips,VOL.1000μl,Eppendorf/Universal type,PP material BAG",ZIP-LOCK,0.0,0.0,0.0,0.0,0.0,0.0,0.0,0.0,0.0,0.0,0.0,0.0,5.052818991097923,0.0,5.052818991097923,,
2025-09,4330-0012-02,"Blue Tips,Gilson/Universal type,VOL.1000μl,graduated at 100/250/500/100μl,PP BAG material",ZIP-LOCK,0.0,0.0,0.0,0.0,0.0,0.0,0.0,0.0,0.0,0.0,0.0,0.0,5.052818991097923,0.0,5.052818991097923,,
2025-09,4330-0016-17,"Yellow Tips,VOL.200μl,Eppendorf/Universal type,PP material",BOX,0.0,0.0,0.0,0.0,0.0,0.0,0.0,0.0,0.0,0.0,0.0,0.0,5.052818991097923,0.0,5.052818991097923,,
2025-09,4330-0023,"Pipet Tips,eppendorf type,VOL.10μl,PP material,Natural color",POLYBAG,0.0,0.0,0.0,0.0,0.0,0.0,0.0,0.0,0.0,0.0,0.0,0.0,5.052818991097923,0.0,5.052818991097923,,
2025-09,4610-1924,"Centrifuge Tube, PP material, conical bottom, Vol.15ml/17x120mm, BLUE printed graduation from 1.5ml to 15ml/graduation interval 0.5ml. Screw cap leakage-proof, GREY color. DNase-free, RNase-free, Non-Pyrogen, Assembled, E.O. sterile, individual flow-pack, 50pcs/box",CARTON,0.0,0.0,0.0,0.0,0.0,0.0,0.0,0.0,0.0,0.0,0.0,0.0,5.052818991097923,0.0,5.052818991097923,,
2025-09,5,CC SPUIT 5 CC,BOX,50.0,0.0,0.0,0.0,0.0,0.0,0.0,0.0,0.0,0.0,0.0,0.0,5.052818991097923,50.0,44.94718100890208,100.0,89.89436201780416
2025-09,615,Paracetamol 500 mg Kaplet,TAB,0.0,6500.0,100100.0,400.0,0.0,0.0,35666.666666666664,100100.0,400.0,17833.333333333332,8916.666666666666,35666.666666666664,416.6666666666667,35666.666666666664,416.6666666666667,,
2025-09,AKHL,70% 1L ALKOHOL 70% 1 LITER,BTL,0.0,0.0,3.0,0.0,0.0,0.0,1.0,3.0,0.0,0.5,0.25,1.0,5.052818991097923,1.0,5.052818991097923,,
2025-09,AMD,5mg Amlodipine 5mg,BOX,30.0,1500.0,0.0,0.0,5000.0,1.0,500.0,1500.0,0.0,1083.3333333333333,541.9166666666666,500.0,285.64285714285717,470.0,255.64285714285717,1566.6666666666665,852.1428571428572
2025-09,AS,ALKOHOL SWAB,BOX,0.0,1.0,0.0,0.0,0.0,0.0,0.3333333333333333,1.0,0.0,0.1666666666666666,0.0833333333333333,0.3333333333333333,5.052818991097923,0.3333333333333333,5.052818991097923,,
2025-09,ASWAG60,Ashwagandha+ 60 Kapsul,BTL,0.0,10.0,10.0,0.0,0.0,0.0,6.666666666666667,10.0,0.0,3.333333333333333,1.6666666666666667,6.666666666666667,5.052818991097923,6.666666666666667,5.052818991097923,,
2025-09,ATM-RTA,ALTAMED COVID-19 RAPID TEST KIT ANTIGEN @25 PCS,BOX,0.0,0.0,0.0,0.0,0.0,18.0,0.0,0.0,0.0,0.0,1.5,0.0,5.052818991097923,0.0,5.052818991097923,,
2025-09,BISPRO2.5,Bisoprolol Tab 2.5mg Bernofarm,TAB,0.0,0.0,3000.0,0.0,0.0,0.0,1000.0,3000.0,0.0,500.0,250.0,1000.0,400.0,1000.0,400.0,,
2025-09,CEFIX100,Cefixime Trihydrate 100mg Tss Bernofarm,BOX,15.0,0.0,0.0,500.0,3.0,0.0,166.66666666666666,500.0,0.0,83.83333333333333,41.91666666666666,166.66666666666666,5.052818991097923,151.66666666666666,9.947181008902078,1011.1111111111111,66.31454005934718
2025-09,CIFLX,Tab CIPROFLOXACIN TAB,BOX,12.0,804.0,0.0,1000.0,0.0,0.0,601.3333333333334,1000.0,0.0,301.0,150.5,601.3333333333334,0.0,589.3333333333334,12.0,4911.111111111111,100.0
2025-09,DEXAMETHMUL,Dexametasone 0.5 '200tab,BOX,10.0,1000.0,0.0,0.0,1.0,0.0,333.3333333333333,1000.0,0.0,167.16666666666666,83.58333333333333,333.3333333333333,285.64285714285717,323.3333333333333,275.64285714285717,3233.333333333333,2756.4285714285716
2025-09,DOMPS,Domperidone 5mg/5ml Syr Bernofarm,BTL,30.0,0.0,35.0,6.0,0.0,0.0,13.666666666666666,35.0,0.0,6.833333333333333,3.4166666666666665,13.666666666666666,5.052818991097923,16.333333333333336,24.947181008902078,54.44444444444445,83.1572700296736
2025-09,IV,20G IV CHATETER NO 20G,PCS,0.0,0.0,100.0,100.0,0.0,10.0,66.66666666666667,100.0,0.0,33.333333333333336,18.33333333333333,66.66666666666667,68.6046511627907,66.66666666666667,68.6046511627907,,
2025-09,IV,22G IV CHATETER NO 22G,PCS,0.0,0.0,0.0,100.0,0.0,0.0,33.333333333333336,100.0,0.0,33.333333333333336,17.5,33.333333333333336,5.052818991097923,33.333333333333336,5.052818991097923,,
2025-09,IV,24G IV CHATETER NO 24G,PCS,0.0,0.0,0.0,0.0,0.0,10.0,0.0,0.0,0.0,33.333333333333336,17.5,0.0,5.052818991097923,0.0,5.052818991097923,,
2025-09,KLP-10X10,Kassa Lipat Polos 10cm x 10cm,PAK,50.0,50.0,20.0,0.0,0.0,60.0,23.33333333333333,50.0,0.0,36.66666666666666,41.25,23.33333333333333,5.052818991097923,26.66666666666667,44.94718100890208,53.33333333333334,89.89436201780416
2025-09,KLP-5X5,Kassa Lipat Polos 5cm x 5cm (400 pcs),PAK,10.0,15.0,25.0,14.0,0.0,0.0,18.0,25.0,14.0,10.666666666666666,14.083333333333334,18.0,5.052818991097923,8.0,4.947181008902077,80.0,49.47181008902077
2025-09,"KLP-7,5X7,5","Kassa Lipat Polos 7,5cm x 7,5cm",PAK,70.0,50.0,70.0,20.0,0.0,30.0,46.66666666666666,70.0,20.0,46.66666666666666,50.41666666666666,46.66666666666666,68.6046511627907,23.333333333333343,1.3953488372092977,33.33333333333335,1.993355481727568
2025-09,KLX-R,Kassa Lipat X-Ray 10cm x 10cm,PAK,0.0,0.0,0.0,0.0,0.0,30.0,0.0,0.0,0.0,3.333333333333333,6.666666666666667,0.0,5.052818991097923,0.0,5.052818991097923,,
2025-09,LEVOTAB,LEVOPAR TAB,BOX,50.0,0.0,50.0,30.0,0.0,0.0,26.666666666666668,50.0,0.0,13.333333333333334,13.333333333333334,26.666666666666668,5.052818991097923,23.333333333333332,44.94718100890208,46.666666666666664,89.89436201780416
2025-09,LEVXC500-INF,Levofloxacin Infus 500MG/100ML,BTL,40.0,40.0,40.0,0.0,0.0,0.0,26.666666666666668,40.0,0.0,13.333333333333334,6.666666666666667,26.666666666666668,5.052818991097923,13.333333333333332,34.94718100890208,33.33333333333333,87.3679525222552
2025-09,LGN-RTA,LUNGENE COVID-19 ANTIGEN RAPID TEST,BOX,0.0,20.0,0.0,0.0,0.0,0.0,6.666666666666667,20.0,0.0,6.666666666666667,8.333333333333334,6.666666666666667,5.052818991097923,6.666666666666667,5.052818991097923,,
2025-09,MASFP-6.5,SURGICAL GLOVE STERILE FREE POWDER 6.5 MAS,PCS,0.0,0.0,0.0,0.0,400.0,0.0,0.0,0.0,0.0,200.0,166.66666666666666,0.0,5.052818991097923,0.0,5.052818991097923,,
2025-09,MASFP-7,SURGICAL GLOVE STERILE FREE POWDER 7 MAS,PCS,0.0,0.0,0.0,0.0,400.0,0.0,0.0,0.0,0.0,200.0,166.66666666666666,0.0,5.052818991097923,0.0,5.052818991097923,,
2025-09,MASFP-7.5,SURGICAL GLOVE STERILE FREE POWDER 7.5 MAS,PCS,0.0,0.0,0.0,0.0,400.0,0.0,0.0,0.0,0.0,200.0,166.66666666666666,0.0,5.052818991097923,0.0,5.052818991097923,,
2025-09,METHYL125,Inj METHYLPREDNISOLON 125MG INJ,BOX,50.0,1700.0,0.0,1000.0,1.0,0.0,900.0,1700.0,0.0,450.6666666666667,225.33333333333331,900.0,0.0,850.0,50.0,1700.0,100.0
2025-09,METR500,Metronidazole 500mg Tab,TAB,0.0,10.0,500.0,0.0,0.0,0.0,170.0,500.0,0.0,168.33333333333334,84.25,170.0,68.6046511627907,170.0,68.6046511627907,,
2025-09,METRDI500,Metronidazole Infus 500mg/100ml,BTL,60.0,100.0,100.0,0.0,0.0,0.0,66.66666666666667,100.0,0.0,33.333333333333336,33.333333333333336,66.66666666666667,68.6046511627907,6.666666666666671,8.604651162790702,11.11111111111112,14.341085271317839
2025-09,MK04-115,ELECTROSURGICAL PENCIL MK04-115,PCS,200.0,0.0,150.0,300.0,0.0,200.0,150.0,300.0,0.0,125.0,194.16666666666663,150.0,68.6046511627907,50.0,131.3953488372093,25.0,65.69767441860465
2025-09,MK08-503B,STERILE SAFETY LANCET MK08-503B,BOX,0.0,0.0,0.0,2.0,75.0,15.0,0.6666666666666666,2.0,0.0,12.833333333333334,24.75,0.6666666666666666,5.052818991097923,0.6666666666666666,5.052818991097923,,
2025-09,MK08-565,MASKER MULTI ONE PLUS 3PLY EARLOOP,BOX,0.0,50.0,50.0,0.0,300.0,0.0,33.333333333333336,50.0,0.0,66.66666666666667,64.58333333333333,33.333333333333336,5.052818991097923,33.333333333333336,5.052818991097923,,
2025-09,MK09-135,NASAL OXYGEN CANNULA ADULT,PCS,0.0,0.0,0.0,0.0,0.0,0.0,0.0,0.0,0.0,0.0,75.0,0.0,5.052818991097923,0.0,5.052818991097923,,
2025-09,MK09-231,LATEX FOLEY CATHETER 2-WAY FR16,PCS,0.0,0.0,10.0,200.0,0.0,0.0,70.0,200.0,0.0,35.0,17.5,70.0,5.052818991097923,70.0,5.052818991097923,,
2025-09,NM-USGG5L,NAM MEDICAL ULTRASOUND GEL 5,DRIGEN,8.0,2.0,0.0,0.0,0.0,0.0,0.6666666666666666,2.0,0.0,0.3333333333333333,0.1666666666666666,0.6666666666666666,5.052818991097923,7.333333333333333,2.947181008902077,91.66666666666666,36.83976261127596
2025-09,OME40MGINJ,OMEPRAZOLE SODIUM MONOHYDRATE 40mg SERBUK INJ,VIAL,1000.0,0.0,500.0,0.0,0.0,0.0,166.66666666666666,500.0,0.0,166.66666666666666,88.33333333333333,166.66666666666666,68.6046511627907,833.3333333333334,931.3953488372093,83.33333333333334,93.13953488372093
2025-09,ONEMED-CATGUT,"Catgut Chromic Uk. 3/0, HR-27, Tapper 75cm 3",PCS,0.0,0.0,0.0,0.0,0.0,0.0,0.0,0.0,0.0,0.1666666666666666,0.0833333333333333,0.0,5.052818991097923,0.0,5.052818991097923,,
2025-09,OTO-L,OTORO LATEX FREE POWDER ''L'',BOX,170.0,100.0,150.0,100.0,250.0,150.0,116.66666666666669,150.0,100.0,125.0,120.83333333333331,116.66666666666669,316.6666666666667,53.333333333333314,146.66666666666669,31.37254901960783,86.27450980392159
2025-09,OTO-M,OTORO LATEX FREE POWDER ''M'',BOX,400.0,212.0,200.0,300.0,500.0,250.0,237.33333333333331,300.0,200.0,268.6666666666667,261.0,237.33333333333331,285.64285714285717,162.66666666666669,114.35714285714283,40.66666666666667,28.589285714285705
2025-09,OTR-S,OTORO LATEX FREE POWDER ''S'',BOX,500.0,300.0,250.0,390.0,550.0,300.0,313.3333333333333,390.0,250.0,331.6666666666667,315.8333333333333,313.3333333333333,285.64285714285717,186.66666666666669,214.35714285714283,37.333333333333336,42.87142857142857
2025-09,OTRP-M,OTORO LATEX POWDER ''M'',BOX,30.0,0.0,30.0,0.0,0.0,0.0,10.0,30.0,0.0,10.0,9.166666666666666,10.0,5.052818991097923,20.0,24.947181008902078,66.66666666666666,83.1572700296736
2025-09,OTRP-S,OTORO LATEX POWDER ''S'',BOX,50.0,0.0,30.0,40.0,10.0,0.0,23.33333333333333,40.0,0.0,20.0,14.166666666666666,23.33333333333333,5.052818991097923,26.66666666666667,44.94718100890208,53.33333333333334,89.89436201780416
2025-09,PCT-INFUS,Paracetamol 1 G/100ml Infus TD,BOX,160.0,150.0,250.0,0.0,0.0,0.0,133.33333333333334,250.0,0.0,166.66666666666666,83.33333333333333,133.33333333333334,124.2,26.666666666666657,35.8,16.66666666666666,22.374999999999996
2025-09,PO-8.7X13,Plastik Obat Ukuran 8.7x13,PAK,0.0,1000.0,0.0,0.0,0.0,0.0,333.3333333333333,1000.0,0.0,166.66666666666666,150.0,333.3333333333333,285.64285714285717,333.3333333333333,285.64285714285717,,
2025-09,POT-KS,Pot Tutup Kuning Sterile,PCS,0.0,0.0,2000.0,1000.0,0.0,0.0,1000.0,2000.0,0.0,500.0,250.0,1000.0,400.0,1000.0,400.0,,
2025-09,PRAZ30,PRAZOTEC INJ 30MG,VIAL,0.0,0.0,0.0,0.0,0.0,0.0,0.0,0.0,0.0,0.0,116.75,0.0,5.052818991097923,0.0,5.052818991097923,,
2025-09,PSE,OXA PULSE OXYMETER ANAK,PCS,0.0,0.0,0.0,0.0,0.0,0.0,0.0,0.0,0.0,0.0,0.0,0.0,5.052818991097923,0.0,5.052818991097923,,
2025-09,S,"3/0 27,75 BENANG SILK 3/0 27mm, 75cm",PCS,0.0,0.0,3.0,0.0,0.0,0.0,1.0,3.0,0.0,0.8333333333333334,0.4166666666666667,1.0,5.052818991097923,1.0,5.052818991097923,,
2025-09,SAU,STRIP ASAM URAT,BOX,0.0,0.0,0.0,0.0,0.0,12.0,0.0,0.0,0.0,0.0,3.5,0.0,5.052818991097923,0.0,5.052818991097923,,
2025-09,SCT,STRIP CHOLESTEROL,BOX,0.0,0.0,0.0,2.0,0.0,18.0,0.6666666666666666,2.0,0.0,0.3333333333333333,4.333333333333333,0.6666666666666666,5.052818991097923,0.6666666666666666,5.052818991097923,,
2025-09,SCTM,SUCTION CONNECTING TUBE MAS,PCS,250.0,150.0,0.0,500.0,200.0,0.0,216.66666666666663,500.0,0.0,141.66666666666666,70.83333333333333,216.66666666666663,285.64285714285717,33.33333333333337,35.64285714285717,13.33333333333335,14.257142857142869
2025-09,SGD,STRIP GULA DARAH,BOX,0.0,10.0,0.0,0.0,0.0,0.0,3.333333333333333,10.0,0.0,1.6666666666666667,0.8333333333333334,3.333333333333333,5.052818991097923,3.333333333333333,5.052818991097923,,
2025-09,SHB,STRIP HEMOGOBLIN (HB),BOX,0.0,0.0,0.0,0.0,0.0,0.0,0.0,0.0,0.0,0.0,2.5,0.0,5.052818991097923,0.0,5.052818991097923,,
2025-09,SHM-005,SHAMROCK LATEX FREE POWDER ''L'',BOX,0.0,0.0,0.0,0.0,0.0,0.0,0.0,0.0,0.0,0.0,8.333333333333334,0.0,5.052818991097923,0.0,5.052818991097923,,
2025-09,SHM-006,"SHAMROCK LATEX FREE POWDER ""M""",BOX,0.0,0.0,0.0,0.0,0.0,0.0,0.0,0.0,0.0,0.0,20.83333333333333,0.0,5.052818991097923,0.0,5.052818991097923,,
2025-09,SHM-007,SHAMROCK LATEX FREE POWDER ''S'',BOX,0.0,0.0,0.0,0.0,0.0,0.0,0.0,0.0,0.0,0.0,25.0,0.0,5.052818991097923,0.0,5.052818991097923,,
2025-09,UFIX5,ULTRAFIX MEDICAL 5X5,BOX,0.0,20.0,10.0,5.0,0.0,0.0,11.666666666666666,20.0,5.0,5.833333333333333,2.9166666666666665,11.666666666666666,5.052818991097923,11.666666666666666,5.052818991097923,,
2025-09,URS-10T,URINE STRIP 10U,BTL,0.0,0.0,0.0,0.0,0.0,5.0,0.0,0.0,0.0,0.0,0.8333333333333334,0.0,5.052818991097923,0.0,5.052818991097923,,
2025-10,1CC,SPUIT 1 CC,BOX,0.0,0.0,0.0,0.0,0.0,0.0,0.0,0.0,0.0,0.3333333333333333,0.1666666666666666,0.0,5.052818991097923,0.0,5.052818991097923,,
2025-10,2121-0034-02,"INOCULATION LOOPS, FLEXIBLE, 10μL+INCORPORATED NEEDLE, ABS MATERIAL, BLUE COLOR. 1PC/PEEL-PK, GAMMA STERILE",BOX,0.0,0.0,0.0,0.0,0.0,0.0,0.0,0.0,0.0,0.0,0.0,0.0,5.052818991097923,0.0,5.052818991097923,,
2025-10,268,Cefadroxil Monohydrate 500mg Kapsul Bernofarm,BOX,0.0,0.0,30.0,621.0,0.0,0.0,217.0,621.0,0.0,275.1666666666667,137.83333333333334,217.0,5.052818991097923,217.0,5.052818991097923,,
2025-10,268,Cefadroxil Monohydrate 500mg Kapsul Bernofarm,TAB,0.0,0.0,0.0,30.0,1000.0,0.0,10.0,30.0,0.0,275.1666666666667,137.83333333333334,10.0,5.052818991097923,10.0,5.052818991097923,,
2025-10,3,CC SPUIT 3 CC,BOX,0.0,0.0,50.0,0.0,0.0,30.0,16.666666666666668,50.0,0.0,8.333333333333334,6.666666666666667,16.666666666666668,5.052818991097923,16.666666666666668,5.052818991097923,,
2025-10,367856,"TUBE EDTA PLH 13X75, 3.0",BOX,6.0,50.0,30.0,15.0,20.0,40.0,31.666666666666668,50.0,15.0,28.33333333333333,30.0,31.666666666666668,5.052818991097923,25.666666666666668,0.9471810089020769,427.77777777777777,15.786350148367948
2025-10,367957,"TUBE SST II PLH 13X75, 3.5",BOX,0.0,50.0,30.0,20.0,30.0,40.0,33.333333333333336,50.0,20.0,30.0,30.0,33.333333333333336,5.052818991097923,33.333333333333336,5.052818991097923,,
2025-10,4004-0805,"CYLINDRICAL TEST TUBE, PLAIN, VOL.5ML/12X75MM, PS MATERIAL",CARTON,0.0,0.0,0.0,0.0,0.0,0.0,0.0,0.0,0.0,0.0,0.0,0.0,5.052818991097923,0.0,5.052818991097923,,
2025-10,4330-0004-02,"Blue Tips,VOL.1000μl,Eppendorf/Universal type,PP material BAG",ZIP-LOCK,0.0,0.0,0.0,0.0,0.0,0.0,0.0,0.0,0.0,0.0,0.0,0.0,5.052818991097923,0.0,5.052818991097923,,
2025-10,4330-0012-02,"Blue Tips,Gilson/Universal type,VOL.1000μl,graduated at 100/250/500/100μl,PP BAG material",ZIP-LOCK,0.0,0.0,0.0,0.0,0.0,0.0,0.0,0.0,0.0,0.0,0.0,0.0,5.052818991097923,0.0,5.052818991097923,,
2025-10,4330-0016-17,"Yellow Tips,VOL.200μl,Eppendorf/Universal type,PP material",BOX,0.0,0.0,0.0,0.0,0.0,0.0,0.0,0.0,0.0,0.0,0.0,0.0,5.052818991097923,0.0,5.052818991097923,,
2025-10,4330-0023,"Pipet Tips,eppendorf type,VOL.10μl,PP material,Natural color",POLYBAG,1.0,0.0,0.0,0.0,0.0,0.0,0.0,0.0,0.0,0.0,0.0,0.0,5.052818991097923,1.0,4.052818991097923,100.0,405.28189910979233
2025-10,4610-1924,"Centrifuge Tube, PP material, conical bottom, Vol.15ml/17x120mm, BLUE printed graduation from 1.5ml to 15ml/graduation interval 0.5ml. Screw cap leakage-proof, GREY color. DNase-free, RNase-free, Non-Pyrogen, Assembled, E.O. sterile, individual flow-pack, 50pcs/box",CARTON,0.0,0.0,0.0,0.0,0.0,0.0,0.0,0.0,0.0,0.0,0.0,0.0,5.052818991097923,0.0,5.052818991097923,,
2025-10,5,CC SPUIT 5 CC,BOX,0.0,50.0,0.0,0.0,0.0,0.0,16.666666666666668,50.0,0.0,8.333333333333334,4.166666666666667,16.666666666666668,5.052818991097923,16.666666666666668,5.052818991097923,,
2025-10,615,Paracetamol 500 mg Kaplet,TAB,0.0,0.0,6500.0,100100.0,0.0,0.0,35533.333333333336,100100.0,0.0,17833.333333333332,8916.666666666666,35533.333333333336,400.0,35533.333333333336,400.0,,
2025-10,AKHL,70% 1L ALKOHOL 70% 1 LITER,BTL,0.0,0.0,0.0,0.0,0.0,0.0,0.0,0.0,0.0,0.5,0.25,0.0,5.052818991097923,0.0,5.052818991097923,,
2025-10,AMD,5mg Amlodipine 5mg,BOX,0.0,0.0,0.0,50.0,0.0,1.0,16.666666666666668,50.0,0.0,263.3333333333333,548.5,16.666666666666668,5.052818991097923,16.666666666666668,5.052818991097923,,
2025-10,AS,ALKOHOL SWAB,BOX,0.0,0.0,0.0,1.0,0.0,0.0,0.3333333333333333,1.0,0.0,0.1666666666666666,0.0833333333333333,0.3333333333333333,5.052818991097923,0.3333333333333333,5.052818991097923,,
2025-10,ASWAG60,Ashwagandha+ 60 Kapsul,BTL,4.0,0.0,10.0,10.0,0.0,0.0,6.666666666666667,10.0,0.0,3.333333333333333,1.6666666666666667,6.666666666666667,5.052818991097923,2.666666666666667,1.052818991097923,66.66666666666667,26.320474777448077
2025-10,ATM-RTA,ALTAMED COVID-19 RAPID TEST KIT ANTIGEN @25 PCS,BOX,0.0,0.0,0.0,0.0,0.0,0.0,0.0,0.0,0.0,0.0,0.0,0.0,5.052818991097923,0.0,5.052818991097923,,
2025-10,BISPRO2.5,Bisoprolol Tab 2.5mg Bernofarm,TAB,500.0,0.0,0.0,3000.0,0.0,0.0,1000.0,3000.0,0.0,500.0,250.0,1000.0,400.0,500.0,100.0,100.0,20.0
2025-10,CEFIX100,Cefixime Trihydrate 100mg Tss Bernofarm,BOX,0.0,0.0,15.0,0.0,0.0,0.0,5.0,15.0,0.0,85.83333333333333,43.16666666666666,5.0,5.052818991097923,5.0,5.052818991097923,,
2025-10,CIFLX,Tab CIPROFLOXACIN TAB,BOX,0.0,0.0,12.0,804.0,2.0,0.0,272.0,804.0,0.0,303.0,151.5,272.0,5.052818991097923,272.0,5.052818991097923,,
2025-10,DEXAMETHMUL,Dexametasone 0.5 '200tab,BOX,0.0,0.0,10.0,1000.0,2.0,0.0,336.6666666666667,1000.0,0.0,168.66666666666666,84.41666666666667,336.6666666666667,400.0,336.6666666666667,400.0,,
2025-10,DOMPS,Domperidone 5mg/5ml Syr Bernofarm,BTL,0.0,30.0,0.0,35.0,0.0,0.0,21.666666666666668,35.0,0.0,11.833333333333334,5.916666666666667,21.666666666666668,5.052818991097923,21.666666666666668,5.052818991097923,,
2025-10,IV,20G IV CHATETER NO 20G,PCS,0.0,0.0,0.0,0.0,0.0,0.0,0.0,0.0,0.0,0.0,16.666666666666668,0.0,5.052818991097923,0.0,5.052818991097923,,
2025-10,IV,22G IV CHATETER NO 22G,PCS,0.0,0.0,0.0,0.0,0.0,0.0,0.0,0.0,0.0,0.0,16.666666666666668,0.0,5.052818991097923,0.0,5.052818991097923,,
2025-10,IV,24G IV CHATETER NO 24G,PCS,0.0,0.0,0.0,0.0,0.0,0.0,0.0,0.0,0.0,0.0,16.666666666666668,0.0,5.052818991097923,0.0,5.052818991097923,,
2025-10,KLP-10X10,Kassa Lipat Polos 10cm x 10cm,PAK,20.0,50.0,50.0,20.0,50.0,60.0,40.0,50.0,20.0,45.0,40.41666666666666,40.0,5.052818991097923,20.0,14.947181008902078,100.0,74.73590504451039
2025-10,KLP-5X5,Kassa Lipat Polos 5cm x 5cm (400 pcs),PAK,20.0,10.0,15.0,25.0,0.0,10.0,16.666666666666668,25.0,10.0,12.333333333333334,14.916666666666666,16.666666666666668,5.052818991097923,3.333333333333332,14.947181008902078,16.66666666666666,74.73590504451039
2025-10,"KLP-7,5X7,5","Kassa Lipat Polos 7,5cm x 7,5cm",PAK,50.0,70.0,50.0,70.0,90.0,90.0,63.333333333333336,70.0,50.0,58.333333333333336,53.75,63.333333333333336,5.052818991097923,13.333333333333336,44.94718100890208,26.66666666666667,89.89436201780416
2025-10,KLX-R,Kassa Lipat X-Ray 10cm x 10cm,PAK,20.0,0.0,0.0,0.0,0.0,30.0,0.0,0.0,0.0,3.333333333333333,4.166666666666667,0.0,5.052818991097923,20.0,14.947181008902078,100.0,74.73590504451039
2025-10,LEVOTAB,LEVOPAR TAB,BOX,0.0,50.0,0.0,50.0,0.0,20.0,33.333333333333336,50.0,0.0,21.666666666666668,17.5,33.333333333333336,5.052818991097923,33.333333333333336,5.052818991097923,,
2025-10,LEVXC500-INF,Levofloxacin Infus 500MG/100ML,BTL,0.0,40.0,40.0,40.0,0.0,0.0,40.0,40.0,40.0,20.0,10.0,40.0,5.052818991097923,40.0,5.052818991097923,,
2025-10,LGN-RTA,LUNGENE COVID-19 ANTIGEN RAPID TEST,BOX,0.0,0.0,20.0,0.0,0.0,20.0,6.666666666666667,20.0,0.0,6.666666666666667,8.333333333333334,6.666666666666667,5.052818991097923,6.666666666666667,5.052818991097923,,
2025-10,MASFP-6.5,SURGICAL GLOVE STERILE FREE POWDER 6.5 MAS,PCS,0.0,0.0,0.0,0.0,800.0,0.0,0.0,0.0,0.0,133.33333333333334,166.66666666666666,0.0,5.052818991097923,0.0,5.052818991097923,,
2025-10,MASFP-7,SURGICAL GLOVE STERILE FREE POWDER 7 MAS,PCS,0.0,0.0,0.0,0.0,800.0,0.0,0.0,0.0,0.0,133.33333333333334,166.66666666666666,0.0,5.052818991097923,0.0,5.052818991097923,,
2025-10,MASFP-7.5,SURGICAL GLOVE STERILE FREE POWDER 7.5 MAS,PCS,0.0,0.0,0.0,0.0,800.0,0.0,0.0,0.0,0.0,133.33333333333334,166.66666666666666,0.0,5.052818991097923,0.0,5.052818991097923,,
2025-10,METHYL125,Inj METHYLPREDNISOLON 125MG INJ,BOX,0.0,0.0,50.0,1700.0,3.0,0.0,583.3333333333334,1700.0,0.0,458.8333333333333,229.5,583.3333333333334,400.0,583.3333333333334,400.0,,
2025-10,METR500,Metronidazole 500mg Tab,TAB,0.0,0.0,0.0,10.0,500.0,0.0,3.333333333333333,10.0,0.0,168.33333333333334,84.25,3.333333333333333,5.052818991097923,3.333333333333333,5.052818991097923,,
2025-10,METRDI500,Metronidazole Infus 500mg/100ml,BTL,0.0,60.0,100.0,100.0,0.0,0.0,86.66666666666667,100.0,60.0,43.333333333333336,38.333333333333336,86.66666666666667,68.6046511627907,86.66666666666667,68.6046511627907,,
2025-10,MK04-115,ELECTROSURGICAL PENCIL MK04-115,PCS,0.0,200.0,0.0,150.0,300.0,350.0,116.66666666666669,200.0,0.0,158.33333333333334,194.16666666666663,116.66666666666669,365.0,116.66666666666669,365.0,,
2025-10,MK08-503B,STERILE SAFETY LANCET MK08-503B,BOX,0.0,0.0,0.0,0.0,0.0,60.0,0.0,0.0,0.0,0.3333333333333333,23.5,0.0,5.052818991097923,0.0,5.052818991097923,,
2025-10,MK08-565,MASKER MULTI ONE PLUS 3PLY EARLOOP,BOX,0.0,0.0,50.0,50.0,0.0,240.0,33.333333333333336,50.0,0.0,16.666666666666668,64.58333333333333,33.333333333333336,5.052818991097923,33.333333333333336,5.052818991097923,,
2025-10,MK09-135,NASAL OXYGEN CANNULA ADULT,PCS,0.0,0.0,0.0,0.0,0.0,0.0,0.0,0.0,0.0,0.0,75.0,0.0,5.052818991097923,0.0,5.052818991097923,,
2025-10,MK09-231,LATEX FOLEY CATHETER 2-WAY FR16,PCS,0.0,0.0,0.0,10.0,0.0,0.0,3.333333333333333,10.0,0.0,35.0,17.5,3.333333333333333,5.052818991097923,3.333333333333333,5.052818991097923,,
2025-10,NM-USGG5L,NAM MEDICAL ULTRASOUND GEL 5,DRIGEN,0.0,8.0,2.0,0.0,0.0,0.0,3.333333333333333,8.0,0.0,1.6666666666666667,0.8333333333333334,3.333333333333333,5.052818991097923,3.333333333333333,5.052818991097923,,
2025-10,OME40MGINJ,OMEPRAZOLE SODIUM MONOHYDRATE 40mg SERBUK INJ,VIAL,0.0,0.0,1000.0,0.0,500.0,0.0,333.3333333333333,1000.0,0.0,333.3333333333333,171.66666666666666,333.3333333333333,400.0,333.3333333333333,400.0,,
2025-10,ONEMED-CATGUT,"Catgut Chromic Uk. 3/0, HR-27, Tapper 75cm 3",PCS,0.0,0.0,0.0,0.0,1.0,0.0,0.0,0.0,0.0,0.1666666666666666,0.0833333333333333,0.0,5.052818991097923,0.0,5.052818991097923,,
2025-10,OTO-L,OTORO LATEX FREE POWDER ''L'',BOX,150.0,170.0,100.0,150.0,0.0,150.0,140.0,170.0,100.0,111.66666666666669,122.5,140.0,124.2,10.0,25.799999999999997,6.666666666666667,17.2
2025-10,OTO-M,OTORO LATEX FREE POWDER ''M'',BOX,350.0,400.0,212.0,200.0,0.0,250.0,270.6666666666667,400.0,200.0,252.0,273.5,270.6666666666667,285.64285714285717,79.33333333333331,64.35714285714283,22.66666666666666,18.38775510204081
2025-10,OTR-S,OTORO LATEX FREE POWDER ''S'',BOX,400.0,500.0,300.0,250.0,0.0,300.0,350.0,500.0,250.0,323.3333333333333,332.5,350.0,285.64285714285717,50.0,114.35714285714283,12.5,28.589285714285705
2025-10,OTRP-M,OTORO LATEX POWDER ''M'',BOX,0.0,30.0,0.0,30.0,30.0,0.0,20.0,30.0,0.0,15.0,11.666666666666666,20.0,5.052818991097923,20.0,5.052818991097923,,
2025-10,OTRP-S,OTORO LATEX POWDER ''S'',BOX,0.0,50.0,0.0,30.0,40.0,0.0,26.666666666666668,50.0,0.0,26.666666666666668,18.33333333333333,26.666666666666668,5.052818991097923,26.666666666666668,5.052818991097923,,
2025-10,PCT-INFUS,Paracetamol 1 G/100ml Infus TD,BOX,0.0,160.0,150.0,250.0,0.0,0.0,186.66666666666663,250.0,150.0,193.33333333333331,96.66666666666669,186.66666666666663,124.2,186.66666666666663,124.2,,
2025-10,PO-8.7X13,Plastik Obat Ukuran 8.7x13,PAK,150.0,0.0,1000.0,0.0,0.0,0.0,333.3333333333333,1000.0,0.0,166.66666666666666,150.0,333.3333333333333,400.0,183.33333333333331,250.0,122.22222222222221,166.66666666666669
2025-10,POT-KS,Pot Tutup Kuning Sterile,PCS,2000.0,0.0,0.0,2000.0,0.0,0.0,666.6666666666666,2000.0,0.0,500.0,250.0,666.6666666666666,400.0,1333.3333333333335,1600.0,66.66666666666667,80.0
2025-10,PRAZ30,PRAZOTEC INJ 30MG,VIAL,0.0,0.0,0.0,0.0,0.0,200.0,0.0,0.0,0.0,0.0,116.75,0.0,5.052818991097923,0.0,5.052818991097923,,
2025-10,PSE,OXA PULSE OXYMETER ANAK,PCS,0.0,0.0,0.0,0.0,0.0,0.0,0.0,0.0,0.0,0.0,0.0,0.0,5.052818991097923,0.0,5.052818991097923,,
2025-10,S,"3/0 27,75 BENANG SILK 3/0 27mm, 75cm",PCS,0.0,0.0,0.0,0.0,1.0,0.0,0.0,0.0,0.0,0.6666666666666666,0.4166666666666667,0.0,5.052818991097923,0.0,5.052818991097923,,
2025-10,SAU,STRIP ASAM URAT,BOX,0.0,0.0,0.0,0.0,0.0,0.0,0.0,0.0,0.0,0.0,2.5,0.0,5.052818991097923,0.0,5.052818991097923,,
2025-10,SCT,STRIP CHOLESTEROL,BOX,0.0,0.0,0.0,0.0,0.0,0.0,0.0,0.0,0.0,0.3333333333333333,2.833333333333333,0.0,5.052818991097923,0.0,5.052818991097923,,
2025-10,SCTM,SUCTION CONNECTING TUBE MAS,PCS,0.0,250.0,150.0,0.0,0.0,0.0,133.33333333333334,250.0,0.0,150.0,91.66666666666669,133.33333333333334,124.2,133.33333333333334,124.2,,
2025-10,SGD,STRIP GULA DARAH,BOX,0.0,0.0,10.0,0.0,0.0,0.0,3.333333333333333,10.0,0.0,1.6666666666666667,0.8333333333333334,3.333333333333333,5.052818991097923,3.333333333333333,5.052818991097923,,
2025-10,SHB,STRIP HEMOGOBLIN (HB),BOX,0.0,0.0,0.0,0.0,0.0,0.0,0.0,0.0,0.0,0.0,2.5,0.0,5.052818991097923,0.0,5.052818991097923,,
2025-10,SHM-005,SHAMROCK LATEX FREE POWDER ''L'',BOX,0.0,0.0,0.0,0.0,0.0,0.0,0.0,0.0,0.0,0.0,8.333333333333334,0.0,5.052818991097923,0.0,5.052818991097923,,
2025-10,SHM-006,"SHAMROCK LATEX FREE POWDER ""M""",BOX,0.0,0.0,0.0,0.0,0.0,0.0,0.0,0.0,0.0,0.0,20.83333333333333,0.0,5.052818991097923,0.0,5.052818991097923,,
2025-10,SHM-007,SHAMROCK LATEX FREE POWDER ''S'',BOX,0.0,0.0,0.0,0.0,0.0,0.0,0.0,0.0,0.0,0.0,25.0,0.0,5.052818991097923,0.0,5.052818991097923,,
2025-10,UFIX5,ULTRAFIX MEDICAL 5X5,BOX,0.0,0.0,20.0,10.0,0.0,0.0,10.0,20.0,0.0,5.833333333333333,2.9166666666666665,10.0,5.052818991097923,10.0,5.052818991097923,,
2025-10,URS-10T,URINE STRIP 10U,BTL,0.0,0.0,0.0,0.0,0.0,0.0,0.0,0.0,0.0,0.0,0.4166666666666667,0.0,5.052818991097923,0.0,5.052818991097923,,
2025-11,1CC,SPUIT 1 CC,BOX,2.0,0.0,0.0,0.0,2.0,0.0,0.0,0.0,0.0,0.3333333333333333,0.1666666666666666,0.0,5.052818991097923,2.0,3.052818991097923,100.0,152.64094955489617
2025-11,2121-0034-02,"INOCULATION LOOPS, FLEXIBLE, 10μL+INCORPORATED NEEDLE, ABS MATERIAL, BLUE COLOR. 1PC/PEEL-PK, GAMMA STERILE",BOX,0.0,0.0,0.0,0.0,0.0,0.0,0.0,0.0,0.0,0.0,0.0,0.0,5.052818991097923,0.0,5.052818991097923,,
2025-11,268,Cefadroxil Monohydrate 500mg Kapsul Bernofarm,BOX,0.0,0.0,0.0,0.0,0.0,0.0,0.0,0.0,0.0,108.5,137.83333333333334,0.0,5.052818991097923,0.0,5.052818991097923,,
2025-11,268,Cefadroxil Monohydrate 500mg Kapsul Bernofarm,TAB,100.0,0.0,0.0,0.0,621.0,0.0,0.0,0.0,0.0,108.5,137.83333333333334,0.0,5.052818991097923,100.0,94.94718100890208,100.0,94.94718100890208
2025-11,3,CC SPUIT 3 CC,BOX,5.0,0.0,0.0,50.0,0.0,0.0,16.666666666666668,50.0,0.0,8.333333333333334,4.166666666666667,16.666666666666668,5.052818991097923,11.666666666666668,0.052818991097923096,233.33333333333334,1.056379821958462
2025-11,367856,"TUBE EDTA PLH 13X75, 3.0",BOX,18.0,6.0,50.0,30.0,20.0,30.0,28.666666666666668,50.0,6.0,26.0,27.166666666666668,28.666666666666668,5.052818991097923,10.666666666666668,12.947181008902078,59.25925925925927,71.92878338278932
2025-11,367957,"TUBE SST II PLH 13X75, 3.5",BOX,19.0,0.0,50.0,30.0,20.0,30.0,26.666666666666668,50.0,0.0,25.0,26.666666666666668,26.666666666666668,5.052818991097923,7.666666666666668,13.947181008902078,40.350877192982466,73.40621583632672
2025-11,4004-0805,"CYLINDRICAL TEST TUBE, PLAIN, VOL.5ML/12X75MM, PS MATERIAL",CARTON,0.0,0.0,0.0,0.0,0.0,0.0,0.0,0.0,0.0,0.0,0.0,0.0,5.052818991097923,0.0,5.052818991097923,,
2025-11,4330-0004-02,"Blue Tips,VOL.1000μl,Eppendorf/Universal type,PP material BAG",ZIP-LOCK,0.0,0.0,0.0,0.0,0.0,0.0,0.0,0.0,0.0,0.0,0.0,0.0,5.052818991097923,0.0,5.052818991097923,,
2025-11,4330-0012-02,"Blue Tips,Gilson/Universal type,VOL.1000μl,graduated at 100/250/500/100μl,PP BAG material",ZIP-LOCK,0.0,0.0,0.0,0.0,0.0,0.0,0.0,0.0,0.0,0.0,0.0,0.0,5.052818991097923,0.0,5.052818991097923,,
2025-11,4330-0016-17,"Yellow Tips,VOL.200μl,Eppendorf/Universal type,PP material",BOX,0.0,0.0,0.0,0.0,0.0,0.0,0.0,0.0,0.0,0.0,0.0,0.0,5.052818991097923,0.0,5.052818991097923,,
2025-11,4330-0023,"Pipet Tips,eppendorf type,VOL.10μl,PP material,Natural color",POLYBAG,0.0,0.0,1.0,0.0,0.0,0.0,0.3333333333333333,1.0,0.0,0.1666666666666666,0.0833333333333333,0.3333333333333333,5.052818991097923,0.3333333333333333,5.052818991097923,,
2025-11,4610-1924,"Centrifuge Tube, PP material, conical bottom, Vol.15ml/17x120mm, BLUE printed graduation from 1.5ml to 15ml/graduation interval 0.5ml. Screw cap leakage-proof, GREY color. DNase-free, RNase-free, Non-Pyrogen, Assembled, E.O. sterile, individual flow-pack, 50pcs/box",CARTON,0.0,0.0,0.0,0.0,0.0,0.0,0.0,0.0,0.0,0.0,0.0,0.0,5.052818991097923,0.0,5.052818991097923,,
2025-11,5,CC SPUIT 5 CC,BOX,3.0,0.0,50.0,0.0,0.0,0.0,16.666666666666668,50.0,0.0,8.333333333333334,4.166666666666667,16.666666666666668,5.052818991097923,13.666666666666668,2.052818991097923,455.5555555555556,68.4272997032641
2025-11,615,Paracetamol 500 mg Kaplet,TAB,100.0,0.0,0.0,6500.0,0.0,0.0,2166.6666666666665,6500.0,0.0,17833.333333333332,8916.666666666666,2166.6666666666665,400.0,2066.6666666666665,300.0,2066.6666666666665,300.0
2025-11,AKHL,70% 1L ALKOHOL 70% 1 LITER,BTL,28.0,0.0,0.0,0.0,3.0,0.0,0.0,0.0,0.0,0.5,0.25,0.0,5.052818991097923,28.0,22.947181008902078,100.0,81.95421788893599
2025-11,AMD,5mg Amlodipine 5mg,BOX,0.0,0.0,0.0,0.0,0.0,0.0,0.0,0.0,0.0,0.0,131.66666666666666,0.0,5.052818991097923,0.0,5.052818991097923,,
2025-11,AS,ALKOHOL SWAB,BOX,100.0,0.0,0.0,0.0,0.0,0.0,0.0,0.0,0.0,0.1666666666666666,0.0833333333333333,0.0,5.052818991097923,100.0,94.94718100890208,100.0,94.94718100890208
2025-11,ASWAG60,Ashwagandha+ 60 Kapsul,BTL,10.0,4.0,0.0,10.0,0.0,0.0,4.666666666666667,10.0,0.0,4.0,2.0,4.666666666666667,5.052818991097923,5.333333333333333,4.947181008902077,53.333333333333336,49.47181008902077
2025-11,ATM-RTA,ALTAMED COVID-19 RAPID TEST KIT ANTIGEN @25 PCS,BOX,0.0,0.0,0.0,0.0,0.0,0.0,0.0,0.0,0.0,0.0,0.0,0.0,5.052818991097923,0.0,5.052818991097923,,
2025-11,BISPRO2.5,Bisoprolol Tab 2.5mg Bernofarm,TAB,600.0,500.0,0.0,0.0,0.0,0.0,166.66666666666666,500.0,0.0,583.3333333333334,291.6666666666667,166.66666666666666,285.64285714285717,433.33333333333337,314.35714285714283,72.22222222222223,52.39285714285714
2025-11,CEFIX100,Cefixime Trihydrate 100mg Tss Bernofarm,BOX,0.0,0.0,0.0,0.0,0.0,0.0,0.0,0.0,0.0,2.5,43.16666666666666,0.0,5.052818991097923,0.0,5.052818991097923,,
2025-11,CIFLX,Tab CIPROFLOXACIN TAB,BOX,0.0,0.0,0.0,0.0,0.0,0.0,0.0,0.0,0.0,136.0,151.5,0.0,5.052818991097923,0.0,5.052818991097923,,
2025-11,DEXAMETHMUL,Dexametasone 0.5 '200tab,BOX,0.0,0.0,0.0,0.0,0.0,0.0,0.0,0.0,0.0,168.33333333333334,84.41666666666667,0.0,5.052818991097923,0.0,5.052818991097923,,
2025-11,DOMPS,Domperidone 5mg/5ml Syr Bernofarm,BTL,0.0,0.0,30.0,0.0,0.0,0.0,10.0,30.0,0.0,11.833333333333334,5.916666666666667,10.0,5.052818991097923,10.0,5.052818991097923,,
2025-11,IV,20G IV CHATETER NO 20G,PCS,0.0,0.0,0.0,0.0,0.0,0.0,0.0,0.0,0.0,0.0,0.0,0.0,5.052818991097923,0.0,5.052818991097923,,
2025-11,IV,22G IV CHATETER NO 22G,PCS,0.0,0.0,0.0,0.0,0.0,0.0,0.0,0.0,0.0,0.0,0.0,0.0,5.052818991097923,0.0,5.052818991097923,,
2025-11,IV,24G IV CHATETER NO 24G,PCS,0.0,0.0,0.0,0.0,0.0,0.0,0.0,0.0,0.0,0.0,0.0,0.0,5.052818991097923,0.0,5.052818991097923,,
2025-11,KLP-10X10,Kassa Lipat Polos 10cm x 10cm,PAK,50.0,20.0,50.0,50.0,100.0,30.0,40.0,50.0,20.0,40.0,37.083333333333336,40.0,5.052818991097923,10.0,44.94718100890208,20.0,89.89436201780416
2025-11,KLP-5X5,Kassa Lipat Polos 5cm x 5cm (400 pcs),PAK,30.0,20.0,10.0,15.0,10.0,30.0,15.0,20.0,10.0,15.666666666666666,15.75,15.0,5.052818991097923,15.0,24.947181008902078,50.0,83.1572700296736
2025-11,"KLP-7,5X7,5","Kassa Lipat Polos 7,5cm x 7,5cm",PAK,40.0,50.0,70.0,50.0,50.0,15.0,56.66666666666666,70.0,50.0,51.66666666666666,50.41666666666666,56.66666666666666,68.6046511627907,16.666666666666657,28.604651162790702,41.66666666666664,71.51162790697676
2025-11,KLX-R,Kassa Lipat X-Ray 10cm x 10cm,PAK,10.0,20.0,0.0,0.0,20.0,0.0,6.666666666666667,20.0,0.0,6.666666666666667,3.333333333333333,6.666666666666667,5.052818991097923,3.333333333333333,4.947181008902077,33.33333333333333,49.47181008902077
2025-11,LEVOTAB,LEVOPAR TAB,BOX,0.0,0.0,50.0,0.0,0.0,20.0,16.666666666666668,50.0,0.0,21.666666666666668,15.833333333333334,16.666666666666668,5.052818991097923,16.666666666666668,5.052818991097923,,
2025-11,LEVXC500-INF,Levofloxacin Infus 500MG/100ML,BTL,0.0,0.0,40.0,40.0,0.0,0.0,26.666666666666668,40.0,0.0,20.0,10.0,26.666666666666668,5.052818991097923,26.666666666666668,5.052818991097923,,
2025-11,LGN-RTA,LUNGENE COVID-19 ANTIGEN RAPID TEST,BOX,0.0,0.0,0.0,20.0,20.0,0.0,6.666666666666667,20.0,0.0,6.666666666666667,6.666666666666667,6.666666666666667,5.052818991097923,6.666666666666667,5.052818991097923,,
2025-11,MASFP-6.5,SURGICAL GLOVE STERILE FREE POWDER 6.5 MAS,PCS,0.0,0.0,0.0,0.0,0.0,0.0,0.0,0.0,0.0,0.0,166.66666666666666,0.0,5.052818991097923,0.0,5.052818991097923,,
2025-11,MASFP-7,SURGICAL GLOVE STERILE FREE POWDER 7 MAS,PCS,0.0,0.0,0.0,0.0,0.0,0.0,0.0,0.0,0.0,0.0,166.66666666666666,0.0,5.052818991097923,0.0,5.052818991097923,,
2025-11,MASFP-7.5,SURGICAL GLOVE STERILE FREE POWDER 7.5 MAS,PCS,0.0,0.0,0.0,0.0,0.0,0.0,0.0,0.0,0.0,0.0,166.66666666666666,0.0,5.052818991097923,0.0,5.052818991097923,,
2025-11,METHYL125,Inj METHYLPREDNISOLON 125MG INJ,BOX,20.0,0.0,0.0,0.0,0.0,0.0,0.0,0.0,0.0,291.6666666666667,229.5,0.0,5.052818991097923,20.0,14.947181008902078,100.0,74.73590504451039
2025-11,METR500,Metronidazole 500mg Tab,TAB,500.0,0.0,0.0,0.0,500.0,0.0,0.0,0.0,0.0,85.0,84.25,0.0,5.052818991097923,500.0,494.9471810089021,100.0,98.9894362017804
2025-11,METRDI500,Metronidazole Infus 500mg/100ml,BTL,50.0,0.0,60.0,100.0,0.0,0.0,53.333333333333336,100.0,0.0,43.333333333333336,38.333333333333336,53.333333333333336,68.6046511627907,3.3333333333333357,18.604651162790702,6.6666666666666705,37.209302325581405
2025-11,MK04-115,ELECTROSURGICAL PENCIL MK04-115,PCS,19.0,0.0,200.0,0.0,0.0,200.0,66.66666666666667,200.0,0.0,108.33333333333331,165.0,66.66666666666667,68.6046511627907,47.66666666666667,49.6046511627907,250.87719298245617,261.07711138310896
2025-11,MK08-503B,STERILE SAFETY LANCET MK08-503B,BOX,0.0,0.0,0.0,0.0,0.0,35.0,0.0,0.0,0.0,0.3333333333333333,18.5,0.0,5.052818991097923,0.0,5.052818991097923,,
2025-11,MK08-565,MASKER MULTI ONE PLUS 3PLY EARLOOP,BOX,60.0,0.0,0.0,50.0,0.0,0.0,16.666666666666668,50.0,0.0,16.666666666666668,44.583333333333336,16.666666666666668,5.052818991097923,43.33333333333333,54.94718100890208,72.22222222222221,91.57863501483679
2025-11,MK09-135,NASAL OXYGEN CANNULA ADULT,PCS,0.0,0.0,0.0,0.0,0.0,0.0,0.0,0.0,0.0,0.0,75.0,0.0,5.052818991097923,0.0,5.052818991097923,,
2025-11,MK09-231,LATEX FOLEY CATHETER 2-WAY FR16,PCS,39.0,0.0,0.0,0.0,0.0,0.0,0.0,0.0,0.0,35.0,17.5,0.0,5.052818991097923,39.0,33.94718100890208,100.0,87.04405386897969
2025-11,NM-USGG5L,NAM MEDICAL ULTRASOUND GEL 5,DRIGEN,6.0,0.0,8.0,2.0,0.0,0.0,3.333333333333333,8.0,0.0,1.6666666666666667,0.8333333333333334,3.333333333333333,5.052818991097923,2.666666666666667,0.9471810089020769,44.44444444444445,15.786350148367948
2025-11,OME40MGINJ,OMEPRAZOLE SODIUM MONOHYDRATE 40mg SERBUK INJ,VIAL,50.0,0.0,0.0,0.0,500.0,0.0,0.0,0.0,0.0,250.0,166.66666666666666,0.0,5.052818991097923,50.0,44.94718100890208,100.0,89.89436201780416
2025-11,ONEMED-CATGUT,"Catgut Chromic Uk. 3/0, HR-27, Tapper 75cm 3",PCS,19.0,0.0,0.0,0.0,0.0,0.0,0.0,0.0,0.0,0.0,0.0833333333333333,0.0,5.052818991097923,19.0,13.947181008902078,100.0,73.40621583632672
2025-11,OTO-L,OTORO LATEX FREE POWDER ''L'',BOX,200.0,150.0,170.0,100.0,150.0,150.0,140.0,170.0,100.0,136.66666666666666,122.5,140.0,124.2,60.0,75.8,30.0,37.9
2025-11,OTO-M,OTORO LATEX FREE POWDER ''M'',BOX,450.0,350.0,400.0,212.0,400.0,250.0,320.6666666666667,400.0,212.0,310.3333333333333,281.8333333333333,320.6666666666667,285.64285714285717,129.33333333333331,164.35714285714283,28.74074074074074,36.52380952380952
2025-11,OTR-S,OTORO LATEX FREE POWDER ''S'',BOX,420.0,400.0,500.0,300.0,500.0,300.0,400.0,500.0,300.0,390.0,340.8333333333333,400.0,237.5,20.0,182.5,4.761904761904762,43.452380952380956
2025-11,OTRP-M,OTORO LATEX POWDER ''M'',BOX,0.0,0.0,30.0,0.0,0.0,0.0,10.0,30.0,0.0,10.0,11.666666666666666,10.0,5.052818991097923,10.0,5.052818991097923,,
2025-11,OTRP-S,OTORO LATEX POWDER ''S'',BOX,0.0,0.0,50.0,0.0,0.0,0.0,16.666666666666668,50.0,0.0,20.0,18.33333333333333,16.666666666666668,5.052818991097923,16.666666666666668,5.052818991097923,,
2025-11,PCT-INFUS,Paracetamol 1 G/100ml Infus TD,BOX,0.0,0.0,160.0,150.0,600.0,0.0,103.33333333333331,160.0,0.0,193.33333333333331,96.66666666666669,103.33333333333331,316.6666666666667,103.33333333333331,316.6666666666667,,
2025-11,PO-8.7X13,Plastik Obat Ukuran 8.7x13,PAK,0.0,150.0,0.0,1000.0,0.0,800.0,383.3333333333333,1000.0,0.0,191.66666666666663,162.5,383.3333333333333,285.64285714285717,383.3333333333333,285.64285714285717,,
2025-11,POT-KS,Pot Tutup Kuning Sterile,PCS,0.0,2000.0,0.0,0.0,0.0,0.0,666.6666666666666,2000.0,0.0,833.3333333333334,416.6666666666667,666.6666666666666,0.0,666.6666666666666,0.0,,
2025-11,PRAZ30,PRAZOTEC INJ 30MG,VIAL,0.0,0.0,0.0,0.0,0.0,150.0,0.0,0.0,0.0,0.0,100.08333333333331,0.0,5.052818991097923,0.0,5.052818991097923,,
2025-11,PSE,OXA PULSE OXYMETER ANAK,PCS,0.0,0.0,0.0,0.0,0.0,0.0,0.0,0.0,0.0,0.0,0.0,0.0,5.052818991097923,0.0,5.052818991097923,,
2025-11,S,"3/0 27,75 BENANG SILK 3/0 27mm, 75cm",PCS,30.0,26.0,0.0,0.0,3.0,0.0,8.666666666666666,26.0,0.0,4.833333333333333,2.583333333333333,8.666666666666666,5.052818991097923,21.333333333333336,24.947181008902078,71.11111111111111,83.1572700296736
2025-11,SAU,STRIP ASAM URAT,BOX,0.0,0.0,0.0,0.0,0.0,30.0,0.0,0.0,0.0,0.0,2.5,0.0,5.052818991097923,0.0,5.052818991097923,,
2025-11,SCT,STRIP CHOLESTEROL,BOX,0.0,0.0,0.0,0.0,0.0,32.0,0.0,0.0,0.0,0.3333333333333333,2.833333333333333,0.0,5.052818991097923,0.0,5.052818991097923,,
2025-11,SCTM,SUCTION CONNECTING TUBE MAS,PCS,0.0,0.0,250.0,150.0,0.0,0.0,133.33333333333334,250.0,0.0,150.0,91.66666666666669,133.33333333333334,68.6046511627907,133.33333333333334,68.6046511627907,,
2025-11,SGD,STRIP GULA DARAH,BOX,0.0,0.0,0.0,10.0,0.0,0.0,3.333333333333333,10.0,0.0,1.6666666666666667,0.8333333333333334,3.333333333333333,5.052818991097923,3.333333333333333,5.052818991097923,,
2025-11,SHB,STRIP HEMOGOBLIN (HB),BOX,0.0,0.0,0.0,0.0,0.0,30.0,0.0,0.0,0.0,0.0,2.5,0.0,5.052818991097923,0.0,5.052818991097923,,
2025-11,SHM-005,SHAMROCK LATEX FREE POWDER ''L'',BOX,0.0,0.0,0.0,0.0,0.0,0.0,0.0,0.0,0.0,0.0,8.333333333333334,0.0,5.052818991097923,0.0,5.052818991097923,,
2025-11,SHM-006,"SHAMROCK LATEX FREE POWDER ""M""",BOX,0.0,0.0,0.0,0.0,0.0,0.0,0.0,0.0,0.0,0.0,20.83333333333333,0.0,5.052818991097923,0.0,5.052818991097923,,
2025-11,SHM-007,SHAMROCK LATEX FREE POWDER ''S'',BOX,0.0,0.0,0.0,0.0,0.0,0.0,0.0,0.0,0.0,0.0,25.0,0.0,5.052818991097923,0.0,5.052818991097923,,
2025-11,UFIX5,ULTRAFIX MEDICAL 5X5,BOX,51.0,0.0,0.0,20.0,0.0,0.0,6.666666666666667,20.0,0.0,5.833333333333333,2.9166666666666665,6.666666666666667,5.052818991097923,44.333333333333336,45.94718100890208,86.9281045751634,90.09251178216093
2025-11,URS-10T,URINE STRIP 10U,BTL,0.0,0.0,0.0,0.0,0.0,5.0,0.0,0.0,0.0,0.0,0.4166666666666667,0.0,5.052818991097923,0.0,5.052818991097923,,
2025-12,1CC,SPUIT 1 CC,BOX,0.0,0.0,2.0,0.0,0.0,0.0,0.6666666666666666,2.0,0.0,0.3333333333333333,0.3333333333333333,0.6666666666666666,5.052818991097923,0.6666666666666666,5.052818991097923,,
2025-12,2121-0034-02,"INOCULATION LOOPS, FLEXIBLE, 10μL+INCORPORATED NEEDLE, ABS MATERIAL, BLUE COLOR. 1PC/PEEL-PK, GAMMA STERILE",BOX,0.0,0.0,0.0,0.0,0.0,0.0,0.0,0.0,0.0,0.0,0.0,0.0,5.052818991097923,0.0,5.052818991097923,,
2025-12,268,Cefadroxil Monohydrate 500mg Kapsul Bernofarm,BOX,2.0,100.0,0.0,0.0,30.0,3.0,33.333333333333336,100.0,0.0,21.666666666666668,146.16666666666666,33.333333333333336,5.052818991097923,31.333333333333336,3.052818991097923,1566.6666666666667,152.64094955489617
2025-12,268,Cefadroxil Monohydrate 500mg Kapsul Bernofarm,TAB,0.0,2.0,100.0,0.0,0.0,0.0,34.0,100.0,0.0,17.0,146.08333333333334,34.0,68.6046511627907,34.0,68.6046511627907,,
2025-12,3,CC SPUIT 3 CC,BOX,0.0,5.0,0.0,0.0,0.0,0.0,1.6666666666666667,5.0,0.0,9.166666666666666,4.583333333333333,1.6666666666666667,5.052818991097923,1.6666666666666667,5.052818991097923,,
2025-12,367856,"TUBE EDTA PLH 13X75, 3.0",BOX,0.0,18.0,6.0,50.0,35.0,30.0,24.666666666666668,50.0,6.0,25.666666666666668,26.166666666666668,24.666666666666668,5.052818991097923,24.666666666666668,5.052818991097923,,
2025-12,367957,"TUBE SST II PLH 13X75, 3.5",BOX,0.0,19.0,0.0,50.0,30.0,20.0,23.0,50.0,0.0,24.83333333333333,25.75,23.0,5.052818991097923,23.0,5.052818991097923,,
2025-12,4004-0805,"CYLINDRICAL TEST TUBE, PLAIN, VOL.5ML/12X75MM, PS MATERIAL",CARTON,0.0,0.0,0.0,0.0,0.0,0.0,0.0,0.0,0.0,0.0,0.0,0.0,5.052818991097923,0.0,5.052818991097923,,
2025-12,4330-0004-02,"Blue Tips,VOL.1000μl,Eppendorf/Universal type,PP material BAG",ZIP-LOCK,0.0,0.0,0.0,0.0,0.0,0.0,0.0,0.0,0.0,0.0,0.0,0.0,5.052818991097923,0.0,5.052818991097923,,
2025-12,4330-0012-02,"Blue Tips,Gilson/Universal type,VOL.1000μl,graduated at 100/250/500/100μl,PP BAG material",ZIP-LOCK,0.0,0.0,0.0,0.0,0.0,0.0,0.0,0.0,0.0,0.0,0.0,0.0,5.052818991097923,0.0,5.052818991097923,,
2025-12,4330-0016-17,"Yellow Tips,VOL.200μl,Eppendorf/Universal type,PP material",BOX,0.0,0.0,0.0,0.0,0.0,0.0,0.0,0.0,0.0,0.0,0.0,0.0,5.052818991097923,0.0,5.052818991097923,,
2025-12,4330-0023,"Pipet Tips,eppendorf type,VOL.10μl,PP material,Natural color",POLYBAG,0.0,0.0,0.0,0.0,0.0,0.0,0.0,0.0,0.0,0.1666666666666666,0.0833333333333333,0.0,5.052818991097923,0.0,5.052818991097923,,
2025-12,4610-1924,"Centrifuge Tube, PP material, conical bottom, Vol.15ml/17x120mm, BLUE printed graduation from 1.5ml to 15ml/graduation interval 0.5ml. Screw cap leakage-proof, GREY color. DNase-free, RNase-free, Non-Pyrogen, Assembled, E.O. sterile, individual flow-pack, 50pcs/box",CARTON,0.0,0.0,0.0,0.0,0.0,0.0,0.0,0.0,0.0,0.0,0.0,0.0,5.052818991097923,0.0,5.052818991097923,,
2025-12,5,CC SPUIT 5 CC,BOX,0.0,3.0,0.0,50.0,0.0,0.0,17.666666666666668,50.0,0.0,8.833333333333334,4.416666666666667,17.666666666666668,5.052818991097923,17.666666666666668,5.052818991097923,,
2025-12,615,Paracetamol 500 mg Kaplet,TAB,0.0,100.0,0.0,0.0,400.0,0.0,33.333333333333336,100.0,0.0,17850.0,8925.0,33.333333333333336,5.052818991097923,33.333333333333336,5.052818991097923,,
2025-12,AKHL,70% 1L ALKOHOL 70% 1 LITER,BTL,0.0,0.0,28.0,0.0,0.0,0.0,9.333333333333334,28.0,0.0,4.666666666666667,2.583333333333333,9.333333333333334,5.052818991097923,9.333333333333334,5.052818991097923,,
2025-12,AMD,5mg Amlodipine 5mg,BOX,0.0,0.0,500.0,0.0,0.0,30.0,166.66666666666666,500.0,0.0,83.33333333333333,48.333333333333336,166.66666666666666,68.6046511627907,166.66666666666666,68.6046511627907,,
2025-12,AS,ALKOHOL SWAB,BOX,0.0,0.0,100.0,0.0,0.0,0.0,33.333333333333336,100.0,0.0,16.666666666666668,8.416666666666666,33.333333333333336,68.6046511627907,33.333333333333336,68.6046511627907,,
2025-12,ASWAG60,Ashwagandha+ 60 Kapsul,BTL,15.0,10.0,4.0,0.0,0.0,0.0,4.666666666666667,10.0,0.0,5.666666666666667,2.833333333333333,4.666666666666667,5.052818991097923,10.333333333333332,9.947181008902078,68.88888888888887,66.31454005934718
2025-12,ATM-RTA,ALTAMED COVID-19 RAPID TEST KIT ANTIGEN @25 PCS,BOX,0.0,0.0,0.0,0.0,0.0,0.0,0.0,0.0,0.0,0.0,0.0,0.0,5.052818991097923,0.0,5.052818991097923,,
2025-12,BISPRO2.5,Bisoprolol Tab 2.5mg Bernofarm,TAB,0.0,600.0,500.0,0.0,0.0,0.0,366.6666666666667,600.0,0.0,683.3333333333334,341.6666666666667,366.6666666666667,237.5,366.6666666666667,237.5,,
2025-12,CEFIX100,Cefixime Trihydrate 100mg Tss Bernofarm,BOX,1.0,2000.0,0.0,0.0,15.0,3.0,666.6666666666666,2000.0,0.0,335.8333333333333,209.83333333333331,666.6666666666666,0.0,665.6666666666666,1.0,66566.66666666666,100.0
2025-12,CIFLX,Tab CIPROFLOXACIN TAB,BOX,1.0,0.0,0.0,0.0,12.0,0.0,0.0,0.0,0.0,2.0,151.5,0.0,5.052818991097923,1.0,4.052818991097923,100.0,405.28189910979233
2025-12,DEXAMETHMUL,Dexametasone 0.5 '200tab,BOX,0.0,9000.0,0.0,0.0,10.0,1.0,3000.0,9000.0,0.0,1501.6666666666667,834.4166666666666,3000.0,0.0,3000.0,0.0,,
2025-12,DOMPS,Domperidone 5mg/5ml Syr Bernofarm,BTL,0.0,0.0,0.0,30.0,6.0,0.0,10.0,30.0,0.0,11.833333333333334,5.916666666666667,10.0,5.052818991097923,10.0,5.052818991097923,,
2025-12,IV,20G IV CHATETER NO 20G,PCS,0.0,0.0,0.0,0.0,0.0,0.0,0.0,0.0,0.0,0.0,0.0,0.0,5.052818991097923,0.0,5.052818991097923,,
2025-12,IV,22G IV CHATETER NO 22G,PCS,0.0,0.0,0.0,0.0,0.0,0.0,0.0,0.0,0.0,0.0,0.0,0.0,5.052818991097923,0.0,5.052818991097923,,
2025-12,IV,24G IV CHATETER NO 24G,PCS,0.0,0.0,0.0,0.0,0.0,0.0,0.0,0.0,0.0,0.0,0.0,0.0,5.052818991097923,0.0,5.052818991097923,,
2025-12,KLP-10X10,Kassa Lipat Polos 10cm x 10cm,PAK,40.0,50.0,20.0,50.0,0.0,65.0,40.0,50.0,20.0,31.666666666666668,38.75,40.0,5.052818991097923,0.0,34.94718100890208,0.0,87.3679525222552
2025-12,KLP-5X5,Kassa Lipat Polos 5cm x 5cm (400 pcs),PAK,35.0,30.0,20.0,10.0,14.0,10.0,20.0,30.0,10.0,19.0,15.75,20.0,5.052818991097923,15.0,29.947181008902078,42.857142857142854,85.5633743111488
2025-12,"KLP-7,5X7,5","Kassa Lipat Polos 7,5cm x 7,5cm",PAK,70.0,40.0,50.0,70.0,20.0,100.0,53.333333333333336,70.0,40.0,50.0,52.5,53.333333333333336,5.052818991097923,16.666666666666664,64.94718100890208,23.809523809523807,92.7816871555744
2025-12,KLX-R,Kassa Lipat X-Ray 10cm x 10cm,PAK,5.0,10.0,20.0,0.0,0.0,0.0,10.0,20.0,0.0,5.0,4.166666666666667,10.0,5.052818991097923,5.0,0.052818991097923096,100.0,1.056379821958462
2025-12,LEVOTAB,LEVOPAR TAB,BOX,0.0,0.0,0.0,50.0,30.0,20.0,16.666666666666668,50.0,0.0,21.666666666666668,14.166666666666666,16.666666666666668,5.052818991097923,16.666666666666668,5.052818991097923,,
2025-12,LEVXC500-INF,Levofloxacin Infus 500MG/100ML,BTL,0.0,0.0,0.0,40.0,0.0,0.0,13.333333333333334,40.0,0.0,20.0,10.0,13.333333333333334,5.052818991097923,13.333333333333334,5.052818991097923,,
2025-12,LGN-RTA,LUNGENE COVID-19 ANTIGEN RAPID TEST,BOX,0.0,0.0,0.0,0.0,0.0,20.0,0.0,0.0,0.0,3.333333333333333,6.666666666666667,0.0,5.052818991097923,0.0,5.052818991097923,,
2025-12,MASFP-6.5,SURGICAL GLOVE STERILE FREE POWDER 6.5 MAS,PCS,0.0,0.0,0.0,0.0,0.0,0.0,0.0,0.0,0.0,0.0,166.66666666666666,0.0,5.052818991097923,0.0,5.052818991097923,,
2025-12,MASFP-7,SURGICAL GLOVE STERILE FREE POWDER 7 MAS,PCS,0.0,0.0,0.0,0.0,0.0,0.0,0.0,0.0,0.0,0.0,166.66666666666666,0.0,5.052818991097923,0.0,5.052818991097923,,
2025-12,MASFP-7.5,SURGICAL GLOVE STERILE FREE POWDER 7.5 MAS,PCS,0.0,0.0,0.0,0.0,0.0,0.0,0.0,0.0,0.0,0.0,166.66666666666666,0.0,5.052818991097923,0.0,5.052818991097923,,
2025-12,METHYL125,Inj METHYLPREDNISOLON 125MG INJ,BOX,0.0,0.0,20.0,0.0,50.0,1.0,6.666666666666667,20.0,0.0,11.666666666666666,231.16666666666663,6.666666666666667,5.052818991097923,6.666666666666667,5.052818991097923,,
2025-12,METR500,Metronidazole 500mg Tab,TAB,0.0,0.0,500.0,0.0,0.0,0.0,166.66666666666666,500.0,0.0,83.33333333333333,125.83333333333331,166.66666666666666,68.6046511627907,166.66666666666666,68.6046511627907,,
2025-12,METRDI500,Metronidazole Infus 500mg/100ml,BTL,0.0,50.0,0.0,60.0,0.0,200.0,36.66666666666666,60.0,0.0,51.66666666666666,42.5,36.66666666666666,5.052818991097923,36.66666666666666,5.052818991097923,,
2025-12,MK04-115,ELECTROSURGICAL PENCIL MK04-115,PCS,0.0,19.0,0.0,200.0,300.0,230.0,73.0,200.0,0.0,111.5,149.91666666666666,73.0,5.052818991097923,73.0,5.052818991097923,,
2025-12,MK08-503B,STERILE SAFETY LANCET MK08-503B,BOX,0.0,0.0,0.0,0.0,2.0,65.0,0.0,0.0,0.0,0.3333333333333333,15.583333333333334,0.0,5.052818991097923,0.0,5.052818991097923,,
2025-12,MK08-565,MASKER MULTI ONE PLUS 3PLY EARLOOP,BOX,0.0,60.0,0.0,0.0,0.0,35.0,20.0,60.0,0.0,26.666666666666668,49.583333333333336,20.0,5.052818991097923,20.0,5.052818991097923,,
2025-12,MK09-135,NASAL OXYGEN CANNULA ADULT,PCS,0.0,0.0,0.0,0.0,0.0,300.0,0.0,0.0,0.0,0.0,75.0,0.0,5.052818991097923,0.0,5.052818991097923,,
2025-12,MK09-231,LATEX FOLEY CATHETER 2-WAY FR16,PCS,0.0,39.0,0.0,0.0,200.0,0.0,13.0,39.0,0.0,41.5,20.75,13.0,5.052818991097923,13.0,5.052818991097923,,
2025-12,NM-USGG5L,NAM MEDICAL ULTRASOUND GEL 5,DRIGEN,5.0,6.0,0.0,8.0,0.0,0.0,4.666666666666667,8.0,0.0,2.6666666666666665,1.3333333333333333,4.666666666666667,5.052818991097923,0.33333333333333304,0.052818991097923096,6.666666666666661,1.056379821958462
2025-12,OME40MGINJ,OMEPRAZOLE SODIUM MONOHYDRATE 40mg SERBUK INJ,VIAL,0.0,0.0,50.0,0.0,1000.0,0.0,16.666666666666668,50.0,0.0,175.0,170.83333333333334,16.666666666666668,5.052818991097923,16.666666666666668,5.052818991097923,,
2025-12,ONEMED-CATGUT,"Catgut Chromic Uk. 3/0, HR-27, Tapper 75cm 3",PCS,0.0,0.0,19.0,0.0,0.0,0.0,6.333333333333333,19.0,0.0,3.1666666666666665,1.6666666666666667,6.333333333333333,5.052818991097923,6.333333333333333,5.052818991097923,,
2025-12,OTO-L,OTORO LATEX FREE POWDER ''L'',BOX,0.0,200.0,150.0,170.0,100.0,150.0,173.33333333333334,200.0,150.0,145.0,126.66666666666669,173.33333333333334,124.2,173.33333333333334,124.2,,
2025-12,OTO-M,OTORO LATEX FREE POWDER ''M'',BOX,300.0,450.0,350.0,400.0,300.0,520.0,400.0,450.0,350.0,318.6666666666667,298.5,400.0,285.64285714285717,100.0,14.357142857142833,33.33333333333333,4.785714285714278
2025-12,OTR-S,OTORO LATEX FREE POWDER ''S'',BOX,300.0,420.0,400.0,500.0,390.0,600.0,440.0,500.0,400.0,376.6666666666667,350.8333333333333,440.0,285.64285714285717,140.0,14.357142857142833,46.666666666666664,4.785714285714278
2025-12,OTRP-M,OTORO LATEX POWDER ''M'',BOX,0.0,0.0,0.0,30.0,0.0,0.0,10.0,30.0,0.0,10.0,11.666666666666666,10.0,5.052818991097923,10.0,5.052818991097923,,
2025-12,OTRP-S,OTORO LATEX POWDER ''S'',BOX,0.0,0.0,0.0,50.0,40.0,0.0,16.666666666666668,50.0,0.0,20.0,18.33333333333333,16.666666666666668,5.052818991097923,16.666666666666668,5.052818991097923,,
2025-12,PCT-INFUS,Paracetamol 1 G/100ml Infus TD,BOX,0.0,0.0,0.0,160.0,0.0,0.0,53.333333333333336,160.0,0.0,93.33333333333331,96.66666666666669,53.333333333333336,5.052818991097923,53.333333333333336,5.052818991097923,,
2025-12,PO-8.7X13,Plastik Obat Ukuran 8.7x13,PAK,0.0,0.0,150.0,0.0,0.0,0.0,50.0,150.0,0.0,191.66666666666663,95.83333333333331,50.0,68.6046511627907,50.0,68.6046511627907,,
2025-12,POT-KS,Pot Tutup Kuning Sterile,PCS,0.0,0.0,2000.0,0.0,1000.0,0.0,666.6666666666666,2000.0,0.0,833.3333333333334,416.6666666666667,666.6666666666666,400.0,666.6666666666666,400.0,,
2025-12,PRAZ30,PRAZOTEC INJ 30MG,VIAL,0.0,0.0,0.0,0.0,0.0,350.0,0.0,0.0,0.0,0.0,87.58333333333333,0.0,5.052818991097923,0.0,5.052818991097923,,
2025-12,PSE,OXA PULSE OXYMETER ANAK,PCS,0.0,0.0,0.0,0.0,0.0,0.0,0.0,0.0,0.0,0.0,0.0,0.0,5.052818991097923,0.0,5.052818991097923,,
2025-12,S,"3/0 27,75 BENANG SILK 3/0 27mm, 75cm",PCS,0.0,0.0,30.0,26.0,0.0,0.0,18.666666666666668,30.0,0.0,9.333333333333334,5.083333333333333,18.666666666666668,5.052818991097923,18.666666666666668,5.052818991097923,,
2025-12,SAU,STRIP ASAM URAT,BOX,0.0,0.0,0.0,0.0,0.0,0.0,0.0,0.0,0.0,0.0,0.0,0.0,5.052818991097923,0.0,5.052818991097923,,
2025-12,SCT,STRIP CHOLESTEROL,BOX,0.0,0.0,0.0,0.0,2.0,0.0,0.0,0.0,0.0,0.3333333333333333,0.1666666666666666,0.0,5.052818991097923,0.0,5.052818991097923,,
2025-12,SCTM,SUCTION CONNECTING TUBE MAS,PCS,0.0,0.0,0.0,250.0,500.0,0.0,83.33333333333333,250.0,0.0,150.0,91.66666666666669,83.33333333333333,5.052818991097923,83.33333333333333,5.052818991097923,,
2025-12,SGD,STRIP GULA DARAH,BOX,0.0,0.0,0.0,0.0,0.0,0.0,0.0,0.0,0.0,1.6666666666666667,0.8333333333333334,0.0,5.052818991097923,0.0,5.052818991097923,,
2025-12,SHB,STRIP HEMOGOBLIN (HB),BOX,0.0,0.0,0.0,0.0,0.0,0.0,0.0,0.0,0.0,0.0,0.0,0.0,5.052818991097923,0.0,5.052818991097923,,
2025-12,SHM-005,SHAMROCK LATEX FREE POWDER ''L'',BOX,0.0,0.0,0.0,0.0,0.0,0.0,0.0,0.0,0.0,0.0,8.333333333333334,0.0,5.052818991097923,0.0,5.052818991097923,,
2025-12,SHM-006,"SHAMROCK LATEX FREE POWDER ""M""",BOX,0.0,0.0,0.0,0.0,0.0,0.0,0.0,0.0,0.0,0.0,20.83333333333333,0.0,5.052818991097923,0.0,5.052818991097923,,
2025-12,SHM-007,SHAMROCK LATEX FREE POWDER ''S'',BOX,0.0,0.0,0.0,0.0,0.0,0.0,0.0,0.0,0.0,0.0,25.0,0.0,5.052818991097923,0.0,5.052818991097923,,
2025-12,UFIX5,ULTRAFIX MEDICAL 5X5,BOX,0.0,51.0,0.0,0.0,5.0,0.0,17.0,51.0,0.0,14.333333333333334,7.166666666666667,17.0,5.052818991097923,17.0,5.052818991097923,,
2025-12,URS-10T,URINE STRIP 10U,BTL,0.0,0.0,0.0,0.0,0.0,0.0,0.0,0.0,0.0,0.0,0.0,0.0,5.052818991097923,0.0,5.052818991097923,,
